Dir,Angle,Speed_Bin,Count,Frequency (%)
E,0,"[0.0, 0.5)",0,0.0
N,0,"[0.0, 0.5)",8,0.01413627367825841
NE,0,"[0.0, 0.5)",0,0.0
NW,0,"[0.0, 0.5)",0,0.0
S,0,"[0.0, 0.5)",0,0.0
SE,0,"[0.0, 0.5)",0,0.0
SW,0,"[0.0, 0.5)",0,0.0
W,0,"[0.0, 0.5)",0,0.0
E,0,"[0.5, 1.0)",0,0.0
N,0,"[0.5, 1.0)",61,0.10778908679672039
NE,0,"[0.5, 1.0)",0,0.0
NW,0,"[0.5, 1.0)",0,0.0
S,0,"[0.5, 1.0)",0,0.0
SE,0,"[0.5, 1.0)",0,0.0
SW,0,"[0.5, 1.0)",0,0.0
W,0,"[0.5, 1.0)",0,0.0
E,0,"[1.0, 1.5)",0,0.0
N,0,"[1.0, 1.5)",107,0.18907266044670626
NE,0,"[1.0, 1.5)",0,0.0
NW,0,"[1.0, 1.5)",0,0.0
S,0,"[1.0, 1.5)",0,0.0
SE,0,"[1.0, 1.5)",0,0.0
SW,0,"[1.0, 1.5)",0,0.0
W,0,"[1.0, 1.5)",0,0.0
E,0,"[1.5, 2.0)",0,0.0
N,0,"[1.5, 2.0)",169,0.2986287814532089
NE,0,"[1.5, 2.0)",0,0.0
NW,0,"[1.5, 2.0)",0,0.0
S,0,"[1.5, 2.0)",0,0.0
SE,0,"[1.5, 2.0)",0,0.0
SW,0,"[1.5, 2.0)",0,0.0
W,0,"[1.5, 2.0)",0,0.0
E,0,"[2.0, 2.5)",0,0.0
N,0,"[2.0, 2.5)",230,0.4064178682499293
NE,0,"[2.0, 2.5)",0,0.0
NW,0,"[2.0, 2.5)",0,0.0
S,0,"[2.0, 2.5)",0,0.0
SE,0,"[2.0, 2.5)",0,0.0
SW,0,"[2.0, 2.5)",0,0.0
W,0,"[2.0, 2.5)",0,0.0
E,0,"[2.5, 3.0)",0,0.0
N,0,"[2.5, 3.0)",329,0.5813542550183771
NE,0,"[2.5, 3.0)",0,0.0
NW,0,"[2.5, 3.0)",0,0.0
S,0,"[2.5, 3.0)",0,0.0
SE,0,"[2.5, 3.0)",0,0.0
SW,0,"[2.5, 3.0)",0,0.0
W,0,"[2.5, 3.0)",0,0.0
E,0,"[3.0, 3.5)",0,0.0
N,0,"[3.0, 3.5)",441,0.779262086513995
NE,0,"[3.0, 3.5)",0,0.0
NW,0,"[3.0, 3.5)",0,0.0
S,0,"[3.0, 3.5)",0,0.0
SE,0,"[3.0, 3.5)",0,0.0
SW,0,"[3.0, 3.5)",0,0.0
W,0,"[3.0, 3.5)",0,0.0
E,0,"[3.5, 4.0)",0,0.0
N,0,"[3.5, 4.0)",493,0.8711478654226745
NE,0,"[3.5, 4.0)",0,0.0
NW,0,"[3.5, 4.0)",0,0.0
S,0,"[3.5, 4.0)",0,0.0
SE,0,"[3.5, 4.0)",0,0.0
SW,0,"[3.5, 4.0)",0,0.0
W,0,"[3.5, 4.0)",0,0.0
E,0,"[4.0, 4.5)",0,0.0
N,0,"[4.0, 4.5)",570,1.0072094995759118
NE,0,"[4.0, 4.5)",0,0.0
NW,0,"[4.0, 4.5)",0,0.0
S,0,"[4.0, 4.5)",0,0.0
SE,0,"[4.0, 4.5)",0,0.0
SW,0,"[4.0, 4.5)",0,0.0
W,0,"[4.0, 4.5)",0,0.0
E,0,"[4.5, 5.0)",0,0.0
N,0,"[4.5, 5.0)",677,1.196282160022618
NE,0,"[4.5, 5.0)",0,0.0
NW,0,"[4.5, 5.0)",0,0.0
S,0,"[4.5, 5.0)",0,0.0
SE,0,"[4.5, 5.0)",0,0.0
SW,0,"[4.5, 5.0)",0,0.0
W,0,"[4.5, 5.0)",0,0.0
E,0,"[5.0, 5.5)",0,0.0
N,0,"[5.0, 5.5)",795,1.4047921967769297
NE,0,"[5.0, 5.5)",0,0.0
NW,0,"[5.0, 5.5)",0,0.0
S,0,"[5.0, 5.5)",0,0.0
SE,0,"[5.0, 5.5)",0,0.0
SW,0,"[5.0, 5.5)",0,0.0
W,0,"[5.0, 5.5)",0,0.0
E,0,"[5.5, 6.0)",0,0.0
N,0,"[5.5, 6.0)",813,1.4365988125530111
NE,0,"[5.5, 6.0)",0,0.0
NW,0,"[5.5, 6.0)",0,0.0
S,0,"[5.5, 6.0)",0,0.0
SE,0,"[5.5, 6.0)",0,0.0
SW,0,"[5.5, 6.0)",0,0.0
W,0,"[5.5, 6.0)",0,0.0
E,0,"[6.0, 6.5)",0,0.0
N,0,"[6.0, 6.5)",793,1.401258128357365
NE,0,"[6.0, 6.5)",0,0.0
NW,0,"[6.0, 6.5)",0,0.0
S,0,"[6.0, 6.5)",0,0.0
SE,0,"[6.0, 6.5)",0,0.0
SW,0,"[6.0, 6.5)",0,0.0
W,0,"[6.0, 6.5)",0,0.0
E,0,"[6.5, 7.0)",0,0.0
N,0,"[6.5, 7.0)",764,1.3500141362736782
NE,0,"[6.5, 7.0)",0,0.0
NW,0,"[6.5, 7.0)",0,0.0
S,0,"[6.5, 7.0)",0,0.0
SE,0,"[6.5, 7.0)",0,0.0
SW,0,"[6.5, 7.0)",0,0.0
W,0,"[6.5, 7.0)",0,0.0
E,0,"[7.0, 7.5)",0,0.0
N,0,"[7.0, 7.5)",771,1.3623833757421544
NE,0,"[7.0, 7.5)",0,0.0
NW,0,"[7.0, 7.5)",0,0.0
S,0,"[7.0, 7.5)",0,0.0
SE,0,"[7.0, 7.5)",0,0.0
SW,0,"[7.0, 7.5)",0,0.0
W,0,"[7.0, 7.5)",0,0.0
E,0,"[7.5, 8.0)",0,0.0
N,0,"[7.5, 8.0)",709,1.2528272547356516
NE,0,"[7.5, 8.0)",0,0.0
NW,0,"[7.5, 8.0)",0,0.0
S,0,"[7.5, 8.0)",0,0.0
SE,0,"[7.5, 8.0)",0,0.0
SW,0,"[7.5, 8.0)",0,0.0
W,0,"[7.5, 8.0)",0,0.0
E,0,"[8.0, 8.5)",0,0.0
N,0,"[8.0, 8.5)",552,0.9754028837998304
NE,0,"[8.0, 8.5)",0,0.0
NW,0,"[8.0, 8.5)",0,0.0
S,0,"[8.0, 8.5)",0,0.0
SE,0,"[8.0, 8.5)",0,0.0
SW,0,"[8.0, 8.5)",0,0.0
W,0,"[8.0, 8.5)",0,0.0
E,0,"[8.5, 9.0)",0,0.0
N,0,"[8.5, 9.0)",440,0.7774950523042126
NE,0,"[8.5, 9.0)",0,0.0
NW,0,"[8.5, 9.0)",0,0.0
S,0,"[8.5, 9.0)",0,0.0
SE,0,"[8.5, 9.0)",0,0.0
SW,0,"[8.5, 9.0)",0,0.0
W,0,"[8.5, 9.0)",0,0.0
E,0,"[9.0, 9.5)",0,0.0
N,0,"[9.0, 9.5)",287,0.5071388182075205
NE,0,"[9.0, 9.5)",0,0.0
NW,0,"[9.0, 9.5)",0,0.0
S,0,"[9.0, 9.5)",0,0.0
SE,0,"[9.0, 9.5)",0,0.0
SW,0,"[9.0, 9.5)",0,0.0
W,0,"[9.0, 9.5)",0,0.0
E,0,"[9.5, 10.0)",0,0.0
N,0,"[9.5, 10.0)",205,0.3622420130053718
NE,0,"[9.5, 10.0)",0,0.0
NW,0,"[9.5, 10.0)",0,0.0
S,0,"[9.5, 10.0)",0,0.0
SE,0,"[9.5, 10.0)",0,0.0
SW,0,"[9.5, 10.0)",0,0.0
W,0,"[9.5, 10.0)",0,0.0
E,0,"[10.0, 10.5)",0,0.0
N,0,"[10.0, 10.5)",101,0.17847045518801244
NE,0,"[10.0, 10.5)",0,0.0
NW,0,"[10.0, 10.5)",0,0.0
S,0,"[10.0, 10.5)",0,0.0
SE,0,"[10.0, 10.5)",0,0.0
SW,0,"[10.0, 10.5)",0,0.0
W,0,"[10.0, 10.5)",0,0.0
E,0,"[10.5, 11.0)",0,0.0
N,0,"[10.5, 11.0)",44,0.07774950523042126
NE,0,"[10.5, 11.0)",0,0.0
NW,0,"[10.5, 11.0)",0,0.0
S,0,"[10.5, 11.0)",0,0.0
SE,0,"[10.5, 11.0)",0,0.0
SW,0,"[10.5, 11.0)",0,0.0
W,0,"[10.5, 11.0)",0,0.0
E,0,"[11.0, 11.5)",0,0.0
N,0,"[11.0, 11.5)",14,0.02473847893695222
NE,0,"[11.0, 11.5)",0,0.0
NW,0,"[11.0, 11.5)",0,0.0
S,0,"[11.0, 11.5)",0,0.0
SE,0,"[11.0, 11.5)",0,0.0
SW,0,"[11.0, 11.5)",0,0.0
W,0,"[11.0, 11.5)",0,0.0
E,0,"[11.5, 12.0)",0,0.0
N,0,"[11.5, 12.0)",10,0.017670342097823016
NE,0,"[11.5, 12.0)",0,0.0
NW,0,"[11.5, 12.0)",0,0.0
S,0,"[11.5, 12.0)",0,0.0
SE,0,"[11.5, 12.0)",0,0.0
SW,0,"[11.5, 12.0)",0,0.0
W,0,"[11.5, 12.0)",0,0.0
E,0,"[12.0, 12.5)",0,0.0
N,0,"[12.0, 12.5)",3,0.005301102629346904
NE,0,"[12.0, 12.5)",0,0.0
NW,0,"[12.0, 12.5)",0,0.0
S,0,"[12.0, 12.5)",0,0.0
SE,0,"[12.0, 12.5)",0,0.0
SW,0,"[12.0, 12.5)",0,0.0
W,0,"[12.0, 12.5)",0,0.0
E,0,"[12.5, 13.0)",0,0.0
N,0,"[12.5, 13.0)",1,0.0017670342097823013
NE,0,"[12.5, 13.0)",0,0.0
NW,0,"[12.5, 13.0)",0,0.0
S,0,"[12.5, 13.0)",0,0.0
SE,0,"[12.5, 13.0)",0,0.0
SW,0,"[12.5, 13.0)",0,0.0
W,0,"[12.5, 13.0)",0,0.0
E,0,"[13.0, 13.5)",0,0.0
N,0,"[13.0, 13.5)",0,0.0
NE,0,"[13.0, 13.5)",0,0.0
NW,0,"[13.0, 13.5)",0,0.0
S,0,"[13.0, 13.5)",0,0.0
SE,0,"[13.0, 13.5)",0,0.0
SW,0,"[13.0, 13.5)",0,0.0
W,0,"[13.0, 13.5)",0,0.0
E,0,"[13.5, 14.0)",0,0.0
N,0,"[13.5, 14.0)",0,0.0
NE,0,"[13.5, 14.0)",0,0.0
NW,0,"[13.5, 14.0)",0,0.0
S,0,"[13.5, 14.0)",0,0.0
SE,0,"[13.5, 14.0)",0,0.0
SW,0,"[13.5, 14.0)",0,0.0
W,0,"[13.5, 14.0)",0,0.0
E,0,"[14.0, 14.5)",0,0.0
N,0,"[14.0, 14.5)",0,0.0
NE,0,"[14.0, 14.5)",0,0.0
NW,0,"[14.0, 14.5)",0,0.0
S,0,"[14.0, 14.5)",0,0.0
SE,0,"[14.0, 14.5)",0,0.0
SW,0,"[14.0, 14.5)",0,0.0
W,0,"[14.0, 14.5)",0,0.0
E,0,"[14.5, 15.0)",0,0.0
N,0,"[14.5, 15.0)",0,0.0
NE,0,"[14.5, 15.0)",0,0.0
NW,0,"[14.5, 15.0)",0,0.0
S,0,"[14.5, 15.0)",0,0.0
SE,0,"[14.5, 15.0)",0,0.0
SW,0,"[14.5, 15.0)",0,0.0
W,0,"[14.5, 15.0)",0,0.0
E,0,"[15.0, 15.5)",0,0.0
N,0,"[15.0, 15.5)",0,0.0
NE,0,"[15.0, 15.5)",0,0.0
NW,0,"[15.0, 15.5)",0,0.0
S,0,"[15.0, 15.5)",0,0.0
SE,0,"[15.0, 15.5)",0,0.0
SW,0,"[15.0, 15.5)",0,0.0
W,0,"[15.0, 15.5)",0,0.0
E,0,"[15.5, 16.0)",0,0.0
N,0,"[15.5, 16.0)",0,0.0
NE,0,"[15.5, 16.0)",0,0.0
NW,0,"[15.5, 16.0)",0,0.0
S,0,"[15.5, 16.0)",0,0.0
SE,0,"[15.5, 16.0)",0,0.0
SW,0,"[15.5, 16.0)",0,0.0
W,0,"[15.5, 16.0)",0,0.0
E,0,"[16.0, 16.5)",0,0.0
N,0,"[16.0, 16.5)",0,0.0
NE,0,"[16.0, 16.5)",0,0.0
NW,0,"[16.0, 16.5)",0,0.0
S,0,"[16.0, 16.5)",0,0.0
SE,0,"[16.0, 16.5)",0,0.0
SW,0,"[16.0, 16.5)",0,0.0
W,0,"[16.0, 16.5)",0,0.0
E,0,"[16.5, 17.0)",0,0.0
N,0,"[16.5, 17.0)",0,0.0
NE,0,"[16.5, 17.0)",0,0.0
NW,0,"[16.5, 17.0)",0,0.0
S,0,"[16.5, 17.0)",0,0.0
SE,0,"[16.5, 17.0)",0,0.0
SW,0,"[16.5, 17.0)",0,0.0
W,0,"[16.5, 17.0)",0,0.0
E,45,"[0.0, 0.5)",0,0.0
N,45,"[0.0, 0.5)",0,0.0
NE,45,"[0.0, 0.5)",8,0.01413627367825841
NW,45,"[0.0, 0.5)",0,0.0
S,45,"[0.0, 0.5)",0,0.0
SE,45,"[0.0, 0.5)",0,0.0
SW,45,"[0.0, 0.5)",0,0.0
W,45,"[0.0, 0.5)",0,0.0
E,45,"[0.5, 1.0)",0,0.0
N,45,"[0.5, 1.0)",0,0.0
NE,45,"[0.5, 1.0)",36,0.06361323155216285
NW,45,"[0.5, 1.0)",0,0.0
S,45,"[0.5, 1.0)",0,0.0
SE,45,"[0.5, 1.0)",0,0.0
SW,45,"[0.5, 1.0)",0,0.0
W,45,"[0.5, 1.0)",0,0.0
E,45,"[1.0, 1.5)",0,0.0
N,45,"[1.0, 1.5)",0,0.0
NE,45,"[1.0, 1.5)",55,0.09718688153802657
NW,45,"[1.0, 1.5)",0,0.0
S,45,"[1.0, 1.5)",0,0.0
SE,45,"[1.0, 1.5)",0,0.0
SW,45,"[1.0, 1.5)",0,0.0
W,45,"[1.0, 1.5)",0,0.0
E,45,"[1.5, 2.0)",0,0.0
N,45,"[1.5, 2.0)",0,0.0
NE,45,"[1.5, 2.0)",85,0.15019790783149561
NW,45,"[1.5, 2.0)",0,0.0
S,45,"[1.5, 2.0)",0,0.0
SE,45,"[1.5, 2.0)",0,0.0
SW,45,"[1.5, 2.0)",0,0.0
W,45,"[1.5, 2.0)",0,0.0
E,45,"[2.0, 2.5)",0,0.0
N,45,"[2.0, 2.5)",0,0.0
NE,45,"[2.0, 2.5)",108,0.19083969465648853
NW,45,"[2.0, 2.5)",0,0.0
S,45,"[2.0, 2.5)",0,0.0
SE,45,"[2.0, 2.5)",0,0.0
SW,45,"[2.0, 2.5)",0,0.0
W,45,"[2.0, 2.5)",0,0.0
E,45,"[2.5, 3.0)",0,0.0
N,45,"[2.5, 3.0)",0,0.0
NE,45,"[2.5, 3.0)",173,0.30569691829233814
NW,45,"[2.5, 3.0)",0,0.0
S,45,"[2.5, 3.0)",0,0.0
SE,45,"[2.5, 3.0)",0,0.0
SW,45,"[2.5, 3.0)",0,0.0
W,45,"[2.5, 3.0)",0,0.0
E,45,"[3.0, 3.5)",0,0.0
N,45,"[3.0, 3.5)",0,0.0
NE,45,"[3.0, 3.5)",245,0.4329233813966638
NW,45,"[3.0, 3.5)",0,0.0
S,45,"[3.0, 3.5)",0,0.0
SE,45,"[3.0, 3.5)",0,0.0
SW,45,"[3.0, 3.5)",0,0.0
W,45,"[3.0, 3.5)",0,0.0
E,45,"[3.5, 4.0)",0,0.0
N,45,"[3.5, 4.0)",0,0.0
NE,45,"[3.5, 4.0)",352,0.6219960418433701
NW,45,"[3.5, 4.0)",0,0.0
S,45,"[3.5, 4.0)",0,0.0
SE,45,"[3.5, 4.0)",0,0.0
SW,45,"[3.5, 4.0)",0,0.0
W,45,"[3.5, 4.0)",0,0.0
E,45,"[4.0, 4.5)",0,0.0
N,45,"[4.0, 4.5)",0,0.0
NE,45,"[4.0, 4.5)",424,0.7492225049476958
NW,45,"[4.0, 4.5)",0,0.0
S,45,"[4.0, 4.5)",0,0.0
SE,45,"[4.0, 4.5)",0,0.0
SW,45,"[4.0, 4.5)",0,0.0
W,45,"[4.0, 4.5)",0,0.0
E,45,"[4.5, 5.0)",0,0.0
N,45,"[4.5, 5.0)",0,0.0
NE,45,"[4.5, 5.0)",531,0.938295165394402
NW,45,"[4.5, 5.0)",0,0.0
S,45,"[4.5, 5.0)",0,0.0
SE,45,"[4.5, 5.0)",0,0.0
SW,45,"[4.5, 5.0)",0,0.0
W,45,"[4.5, 5.0)",0,0.0
E,45,"[5.0, 5.5)",0,0.0
N,45,"[5.0, 5.5)",0,0.0
NE,45,"[5.0, 5.5)",630,1.11323155216285
NW,45,"[5.0, 5.5)",0,0.0
S,45,"[5.0, 5.5)",0,0.0
SE,45,"[5.0, 5.5)",0,0.0
SW,45,"[5.0, 5.5)",0,0.0
W,45,"[5.0, 5.5)",0,0.0
E,45,"[5.5, 6.0)",0,0.0
N,45,"[5.5, 6.0)",0,0.0
NE,45,"[5.5, 6.0)",644,1.137970031099802
NW,45,"[5.5, 6.0)",0,0.0
S,45,"[5.5, 6.0)",0,0.0
SE,45,"[5.5, 6.0)",0,0.0
SW,45,"[5.5, 6.0)",0,0.0
W,45,"[5.5, 6.0)",0,0.0
E,45,"[6.0, 6.5)",0,0.0
N,45,"[6.0, 6.5)",0,0.0
NE,45,"[6.0, 6.5)",679,1.1998162284421827
NW,45,"[6.0, 6.5)",0,0.0
S,45,"[6.0, 6.5)",0,0.0
SE,45,"[6.0, 6.5)",0,0.0
SW,45,"[6.0, 6.5)",0,0.0
W,45,"[6.0, 6.5)",0,0.0
E,45,"[6.5, 7.0)",0,0.0
N,45,"[6.5, 7.0)",0,0.0
NE,45,"[6.5, 7.0)",673,1.189214023183489
NW,45,"[6.5, 7.0)",0,0.0
S,45,"[6.5, 7.0)",0,0.0
SE,45,"[6.5, 7.0)",0,0.0
SW,45,"[6.5, 7.0)",0,0.0
W,45,"[6.5, 7.0)",0,0.0
E,45,"[7.0, 7.5)",0,0.0
N,45,"[7.0, 7.5)",0,0.0
NE,45,"[7.0, 7.5)",562,0.9930732258976535
NW,45,"[7.0, 7.5)",0,0.0
S,45,"[7.0, 7.5)",0,0.0
SE,45,"[7.0, 7.5)",0,0.0
SW,45,"[7.0, 7.5)",0,0.0
W,45,"[7.0, 7.5)",0,0.0
E,45,"[7.5, 8.0)",0,0.0
N,45,"[7.5, 8.0)",0,0.0
NE,45,"[7.5, 8.0)",487,0.8605456601639808
NW,45,"[7.5, 8.0)",0,0.0
S,45,"[7.5, 8.0)",0,0.0
SE,45,"[7.5, 8.0)",0,0.0
SW,45,"[7.5, 8.0)",0,0.0
W,45,"[7.5, 8.0)",0,0.0
E,45,"[8.0, 8.5)",0,0.0
N,45,"[8.0, 8.5)",0,0.0
NE,45,"[8.0, 8.5)",458,0.809301668080294
NW,45,"[8.0, 8.5)",0,0.0
S,45,"[8.0, 8.5)",0,0.0
SE,45,"[8.0, 8.5)",0,0.0
SW,45,"[8.0, 8.5)",0,0.0
W,45,"[8.0, 8.5)",0,0.0
E,45,"[8.5, 9.0)",0,0.0
N,45,"[8.5, 9.0)",0,0.0
NE,45,"[8.5, 9.0)",403,0.7121147865422675
NW,45,"[8.5, 9.0)",0,0.0
S,45,"[8.5, 9.0)",0,0.0
SE,45,"[8.5, 9.0)",0,0.0
SW,45,"[8.5, 9.0)",0,0.0
W,45,"[8.5, 9.0)",0,0.0
E,45,"[9.0, 9.5)",0,0.0
N,45,"[9.0, 9.5)",0,0.0
NE,45,"[9.0, 9.5)",323,0.5707520497596833
NW,45,"[9.0, 9.5)",0,0.0
S,45,"[9.0, 9.5)",0,0.0
SE,45,"[9.0, 9.5)",0,0.0
SW,45,"[9.0, 9.5)",0,0.0
W,45,"[9.0, 9.5)",0,0.0
E,45,"[9.5, 10.0)",0,0.0
N,45,"[9.5, 10.0)",0,0.0
NE,45,"[9.5, 10.0)",208,0.3675431156347187
NW,45,"[9.5, 10.0)",0,0.0
S,45,"[9.5, 10.0)",0,0.0
SE,45,"[9.5, 10.0)",0,0.0
SW,45,"[9.5, 10.0)",0,0.0
W,45,"[9.5, 10.0)",0,0.0
E,45,"[10.0, 10.5)",0,0.0
N,45,"[10.0, 10.5)",0,0.0
NE,45,"[10.0, 10.5)",131,0.23148148148148145
NW,45,"[10.0, 10.5)",0,0.0
S,45,"[10.0, 10.5)",0,0.0
SE,45,"[10.0, 10.5)",0,0.0
SW,45,"[10.0, 10.5)",0,0.0
W,45,"[10.0, 10.5)",0,0.0
E,45,"[10.5, 11.0)",0,0.0
N,45,"[10.5, 11.0)",0,0.0
NE,45,"[10.5, 11.0)",55,0.09718688153802657
NW,45,"[10.5, 11.0)",0,0.0
S,45,"[10.5, 11.0)",0,0.0
SE,45,"[10.5, 11.0)",0,0.0
SW,45,"[10.5, 11.0)",0,0.0
W,45,"[10.5, 11.0)",0,0.0
E,45,"[11.0, 11.5)",0,0.0
N,45,"[11.0, 11.5)",0,0.0
NE,45,"[11.0, 11.5)",34,0.06007916313259824
NW,45,"[11.0, 11.5)",0,0.0
S,45,"[11.0, 11.5)",0,0.0
SE,45,"[11.0, 11.5)",0,0.0
SW,45,"[11.0, 11.5)",0,0.0
W,45,"[11.0, 11.5)",0,0.0
E,45,"[11.5, 12.0)",0,0.0
N,45,"[11.5, 12.0)",0,0.0
NE,45,"[11.5, 12.0)",14,0.02473847893695222
NW,45,"[11.5, 12.0)",0,0.0
S,45,"[11.5, 12.0)",0,0.0
SE,45,"[11.5, 12.0)",0,0.0
SW,45,"[11.5, 12.0)",0,0.0
W,45,"[11.5, 12.0)",0,0.0
E,45,"[12.0, 12.5)",0,0.0
N,45,"[12.0, 12.5)",0,0.0
NE,45,"[12.0, 12.5)",7,0.01236923946847611
NW,45,"[12.0, 12.5)",0,0.0
S,45,"[12.0, 12.5)",0,0.0
SE,45,"[12.0, 12.5)",0,0.0
SW,45,"[12.0, 12.5)",0,0.0
W,45,"[12.0, 12.5)",0,0.0
E,45,"[12.5, 13.0)",0,0.0
N,45,"[12.5, 13.0)",0,0.0
NE,45,"[12.5, 13.0)",3,0.005301102629346904
NW,45,"[12.5, 13.0)",0,0.0
S,45,"[12.5, 13.0)",0,0.0
SE,45,"[12.5, 13.0)",0,0.0
SW,45,"[12.5, 13.0)",0,0.0
W,45,"[12.5, 13.0)",0,0.0
E,45,"[13.0, 13.5)",0,0.0
N,45,"[13.0, 13.5)",0,0.0
NE,45,"[13.0, 13.5)",3,0.005301102629346904
NW,45,"[13.0, 13.5)",0,0.0
S,45,"[13.0, 13.5)",0,0.0
SE,45,"[13.0, 13.5)",0,0.0
SW,45,"[13.0, 13.5)",0,0.0
W,45,"[13.0, 13.5)",0,0.0
E,45,"[13.5, 14.0)",0,0.0
N,45,"[13.5, 14.0)",0,0.0
NE,45,"[13.5, 14.0)",0,0.0
NW,45,"[13.5, 14.0)",0,0.0
S,45,"[13.5, 14.0)",0,0.0
SE,45,"[13.5, 14.0)",0,0.0
SW,45,"[13.5, 14.0)",0,0.0
W,45,"[13.5, 14.0)",0,0.0
E,45,"[14.0, 14.5)",0,0.0
N,45,"[14.0, 14.5)",0,0.0
NE,45,"[14.0, 14.5)",1,0.0017670342097823013
NW,45,"[14.0, 14.5)",0,0.0
S,45,"[14.0, 14.5)",0,0.0
SE,45,"[14.0, 14.5)",0,0.0
SW,45,"[14.0, 14.5)",0,0.0
W,45,"[14.0, 14.5)",0,0.0
E,45,"[14.5, 15.0)",0,0.0
N,45,"[14.5, 15.0)",0,0.0
NE,45,"[14.5, 15.0)",0,0.0
NW,45,"[14.5, 15.0)",0,0.0
S,45,"[14.5, 15.0)",0,0.0
SE,45,"[14.5, 15.0)",0,0.0
SW,45,"[14.5, 15.0)",0,0.0
W,45,"[14.5, 15.0)",0,0.0
E,45,"[15.0, 15.5)",0,0.0
N,45,"[15.0, 15.5)",0,0.0
NE,45,"[15.0, 15.5)",0,0.0
NW,45,"[15.0, 15.5)",0,0.0
S,45,"[15.0, 15.5)",0,0.0
SE,45,"[15.0, 15.5)",0,0.0
SW,45,"[15.0, 15.5)",0,0.0
W,45,"[15.0, 15.5)",0,0.0
E,45,"[15.5, 16.0)",0,0.0
N,45,"[15.5, 16.0)",0,0.0
NE,45,"[15.5, 16.0)",0,0.0
NW,45,"[15.5, 16.0)",0,0.0
S,45,"[15.5, 16.0)",0,0.0
SE,45,"[15.5, 16.0)",0,0.0
SW,45,"[15.5, 16.0)",0,0.0
W,45,"[15.5, 16.0)",0,0.0
E,45,"[16.0, 16.5)",0,0.0
N,45,"[16.0, 16.5)",0,0.0
NE,45,"[16.0, 16.5)",0,0.0
NW,45,"[16.0, 16.5)",0,0.0
S,45,"[16.0, 16.5)",0,0.0
SE,45,"[16.0, 16.5)",0,0.0
SW,45,"[16.0, 16.5)",0,0.0
W,45,"[16.0, 16.5)",0,0.0
E,45,"[16.5, 17.0)",0,0.0
N,45,"[16.5, 17.0)",0,0.0
NE,45,"[16.5, 17.0)",0,0.0
NW,45,"[16.5, 17.0)",0,0.0
S,45,"[16.5, 17.0)",0,0.0
SE,45,"[16.5, 17.0)",0,0.0
SW,45,"[16.5, 17.0)",0,0.0
W,45,"[16.5, 17.0)",0,0.0
E,90,"[0.0, 0.5)",5,0.008835171048911508
N,90,"[0.0, 0.5)",0,0.0
NE,90,"[0.0, 0.5)",0,0.0
NW,90,"[0.0, 0.5)",0,0.0
S,90,"[0.0, 0.5)",0,0.0
SE,90,"[0.0, 0.5)",0,0.0
SW,90,"[0.0, 0.5)",0,0.0
W,90,"[0.0, 0.5)",0,0.0
E,90,"[0.5, 1.0)",22,0.03887475261521063
N,90,"[0.5, 1.0)",0,0.0
NE,90,"[0.5, 1.0)",0,0.0
NW,90,"[0.5, 1.0)",0,0.0
S,90,"[0.5, 1.0)",0,0.0
SE,90,"[0.5, 1.0)",0,0.0
SW,90,"[0.5, 1.0)",0,0.0
W,90,"[0.5, 1.0)",0,0.0
E,90,"[1.0, 1.5)",52,0.09188577890867967
N,90,"[1.0, 1.5)",0,0.0
NE,90,"[1.0, 1.5)",0,0.0
NW,90,"[1.0, 1.5)",0,0.0
S,90,"[1.0, 1.5)",0,0.0
SE,90,"[1.0, 1.5)",0,0.0
SW,90,"[1.0, 1.5)",0,0.0
W,90,"[1.0, 1.5)",0,0.0
E,90,"[1.5, 2.0)",74,0.1307605315238903
N,90,"[1.5, 2.0)",0,0.0
NE,90,"[1.5, 2.0)",0,0.0
NW,90,"[1.5, 2.0)",0,0.0
S,90,"[1.5, 2.0)",0,0.0
SE,90,"[1.5, 2.0)",0,0.0
SW,90,"[1.5, 2.0)",0,0.0
W,90,"[1.5, 2.0)",0,0.0
E,90,"[2.0, 2.5)",113,0.19967486570540005
N,90,"[2.0, 2.5)",0,0.0
NE,90,"[2.0, 2.5)",0,0.0
NW,90,"[2.0, 2.5)",0,0.0
S,90,"[2.0, 2.5)",0,0.0
SE,90,"[2.0, 2.5)",0,0.0
SW,90,"[2.0, 2.5)",0,0.0
W,90,"[2.0, 2.5)",0,0.0
E,90,"[2.5, 3.0)",196,0.3463387051173311
N,90,"[2.5, 3.0)",0,0.0
NE,90,"[2.5, 3.0)",0,0.0
NW,90,"[2.5, 3.0)",0,0.0
S,90,"[2.5, 3.0)",0,0.0
SE,90,"[2.5, 3.0)",0,0.0
SW,90,"[2.5, 3.0)",0,0.0
W,90,"[2.5, 3.0)",0,0.0
E,90,"[3.0, 3.5)",303,0.5354113655640373
N,90,"[3.0, 3.5)",0,0.0
NE,90,"[3.0, 3.5)",0,0.0
NW,90,"[3.0, 3.5)",0,0.0
S,90,"[3.0, 3.5)",0,0.0
SE,90,"[3.0, 3.5)",0,0.0
SW,90,"[3.0, 3.5)",0,0.0
W,90,"[3.0, 3.5)",0,0.0
E,90,"[3.5, 4.0)",393,0.6944444444444444
N,90,"[3.5, 4.0)",0,0.0
NE,90,"[3.5, 4.0)",0,0.0
NW,90,"[3.5, 4.0)",0,0.0
S,90,"[3.5, 4.0)",0,0.0
SE,90,"[3.5, 4.0)",0,0.0
SW,90,"[3.5, 4.0)",0,0.0
W,90,"[3.5, 4.0)",0,0.0
E,90,"[4.0, 4.5)",563,0.9948402601074358
N,90,"[4.0, 4.5)",0,0.0
NE,90,"[4.0, 4.5)",0,0.0
NW,90,"[4.0, 4.5)",0,0.0
S,90,"[4.0, 4.5)",0,0.0
SE,90,"[4.0, 4.5)",0,0.0
SW,90,"[4.0, 4.5)",0,0.0
W,90,"[4.0, 4.5)",0,0.0
E,90,"[4.5, 5.0)",568,1.0036754311563472
N,90,"[4.5, 5.0)",0,0.0
NE,90,"[4.5, 5.0)",0,0.0
NW,90,"[4.5, 5.0)",0,0.0
S,90,"[4.5, 5.0)",0,0.0
SE,90,"[4.5, 5.0)",0,0.0
SW,90,"[4.5, 5.0)",0,0.0
W,90,"[4.5, 5.0)",0,0.0
E,90,"[5.0, 5.5)",590,1.0425501837715578
N,90,"[5.0, 5.5)",0,0.0
NE,90,"[5.0, 5.5)",0,0.0
NW,90,"[5.0, 5.5)",0,0.0
S,90,"[5.0, 5.5)",0,0.0
SE,90,"[5.0, 5.5)",0,0.0
SW,90,"[5.0, 5.5)",0,0.0
W,90,"[5.0, 5.5)",0,0.0
E,90,"[5.5, 6.0)",521,0.9206248232965791
N,90,"[5.5, 6.0)",0,0.0
NE,90,"[5.5, 6.0)",0,0.0
NW,90,"[5.5, 6.0)",0,0.0
S,90,"[5.5, 6.0)",0,0.0
SE,90,"[5.5, 6.0)",0,0.0
SW,90,"[5.5, 6.0)",0,0.0
W,90,"[5.5, 6.0)",0,0.0
E,90,"[6.0, 6.5)",378,0.6679389312977099
N,90,"[6.0, 6.5)",0,0.0
NE,90,"[6.0, 6.5)",0,0.0
NW,90,"[6.0, 6.5)",0,0.0
S,90,"[6.0, 6.5)",0,0.0
SE,90,"[6.0, 6.5)",0,0.0
SW,90,"[6.0, 6.5)",0,0.0
W,90,"[6.0, 6.5)",0,0.0
E,90,"[6.5, 7.0)",295,0.5212750918857789
N,90,"[6.5, 7.0)",0,0.0
NE,90,"[6.5, 7.0)",0,0.0
NW,90,"[6.5, 7.0)",0,0.0
S,90,"[6.5, 7.0)",0,0.0
SE,90,"[6.5, 7.0)",0,0.0
SW,90,"[6.5, 7.0)",0,0.0
W,90,"[6.5, 7.0)",0,0.0
E,90,"[7.0, 7.5)",205,0.3622420130053718
N,90,"[7.0, 7.5)",0,0.0
NE,90,"[7.0, 7.5)",0,0.0
NW,90,"[7.0, 7.5)",0,0.0
S,90,"[7.0, 7.5)",0,0.0
SE,90,"[7.0, 7.5)",0,0.0
SW,90,"[7.0, 7.5)",0,0.0
W,90,"[7.0, 7.5)",0,0.0
E,90,"[7.5, 8.0)",163,0.28802657619451516
N,90,"[7.5, 8.0)",0,0.0
NE,90,"[7.5, 8.0)",0,0.0
NW,90,"[7.5, 8.0)",0,0.0
S,90,"[7.5, 8.0)",0,0.0
SE,90,"[7.5, 8.0)",0,0.0
SW,90,"[7.5, 8.0)",0,0.0
W,90,"[7.5, 8.0)",0,0.0
E,90,"[8.0, 8.5)",95,0.16786824992931865
N,90,"[8.0, 8.5)",0,0.0
NE,90,"[8.0, 8.5)",0,0.0
NW,90,"[8.0, 8.5)",0,0.0
S,90,"[8.0, 8.5)",0,0.0
SE,90,"[8.0, 8.5)",0,0.0
SW,90,"[8.0, 8.5)",0,0.0
W,90,"[8.0, 8.5)",0,0.0
E,90,"[8.5, 9.0)",56,0.09895391574780887
N,90,"[8.5, 9.0)",0,0.0
NE,90,"[8.5, 9.0)",0,0.0
NW,90,"[8.5, 9.0)",0,0.0
S,90,"[8.5, 9.0)",0,0.0
SE,90,"[8.5, 9.0)",0,0.0
SW,90,"[8.5, 9.0)",0,0.0
W,90,"[8.5, 9.0)",0,0.0
E,90,"[9.0, 9.5)",39,0.06891433418150975
N,90,"[9.0, 9.5)",0,0.0
NE,90,"[9.0, 9.5)",0,0.0
NW,90,"[9.0, 9.5)",0,0.0
S,90,"[9.0, 9.5)",0,0.0
SE,90,"[9.0, 9.5)",0,0.0
SW,90,"[9.0, 9.5)",0,0.0
W,90,"[9.0, 9.5)",0,0.0
E,90,"[9.5, 10.0)",11,0.019437376307605315
N,90,"[9.5, 10.0)",0,0.0
NE,90,"[9.5, 10.0)",0,0.0
NW,90,"[9.5, 10.0)",0,0.0
S,90,"[9.5, 10.0)",0,0.0
SE,90,"[9.5, 10.0)",0,0.0
SW,90,"[9.5, 10.0)",0,0.0
W,90,"[9.5, 10.0)",0,0.0
E,90,"[10.0, 10.5)",20,0.03534068419564603
N,90,"[10.0, 10.5)",0,0.0
NE,90,"[10.0, 10.5)",0,0.0
NW,90,"[10.0, 10.5)",0,0.0
S,90,"[10.0, 10.5)",0,0.0
SE,90,"[10.0, 10.5)",0,0.0
SW,90,"[10.0, 10.5)",0,0.0
W,90,"[10.0, 10.5)",0,0.0
E,90,"[10.5, 11.0)",7,0.01236923946847611
N,90,"[10.5, 11.0)",0,0.0
NE,90,"[10.5, 11.0)",0,0.0
NW,90,"[10.5, 11.0)",0,0.0
S,90,"[10.5, 11.0)",0,0.0
SE,90,"[10.5, 11.0)",0,0.0
SW,90,"[10.5, 11.0)",0,0.0
W,90,"[10.5, 11.0)",0,0.0
E,90,"[11.0, 11.5)",1,0.0017670342097823013
N,90,"[11.0, 11.5)",0,0.0
NE,90,"[11.0, 11.5)",0,0.0
NW,90,"[11.0, 11.5)",0,0.0
S,90,"[11.0, 11.5)",0,0.0
SE,90,"[11.0, 11.5)",0,0.0
SW,90,"[11.0, 11.5)",0,0.0
W,90,"[11.0, 11.5)",0,0.0
E,90,"[11.5, 12.0)",2,0.0035340684195646027
N,90,"[11.5, 12.0)",0,0.0
NE,90,"[11.5, 12.0)",0,0.0
NW,90,"[11.5, 12.0)",0,0.0
S,90,"[11.5, 12.0)",0,0.0
SE,90,"[11.5, 12.0)",0,0.0
SW,90,"[11.5, 12.0)",0,0.0
W,90,"[11.5, 12.0)",0,0.0
E,90,"[12.0, 12.5)",5,0.008835171048911508
N,90,"[12.0, 12.5)",0,0.0
NE,90,"[12.0, 12.5)",0,0.0
NW,90,"[12.0, 12.5)",0,0.0
S,90,"[12.0, 12.5)",0,0.0
SE,90,"[12.0, 12.5)",0,0.0
SW,90,"[12.0, 12.5)",0,0.0
W,90,"[12.0, 12.5)",0,0.0
E,90,"[12.5, 13.0)",10,0.017670342097823016
N,90,"[12.5, 13.0)",0,0.0
NE,90,"[12.5, 13.0)",0,0.0
NW,90,"[12.5, 13.0)",0,0.0
S,90,"[12.5, 13.0)",0,0.0
SE,90,"[12.5, 13.0)",0,0.0
SW,90,"[12.5, 13.0)",0,0.0
W,90,"[12.5, 13.0)",0,0.0
E,90,"[13.0, 13.5)",1,0.0017670342097823013
N,90,"[13.0, 13.5)",0,0.0
NE,90,"[13.0, 13.5)",0,0.0
NW,90,"[13.0, 13.5)",0,0.0
S,90,"[13.0, 13.5)",0,0.0
SE,90,"[13.0, 13.5)",0,0.0
SW,90,"[13.0, 13.5)",0,0.0
W,90,"[13.0, 13.5)",0,0.0
E,90,"[13.5, 14.0)",0,0.0
N,90,"[13.5, 14.0)",0,0.0
NE,90,"[13.5, 14.0)",0,0.0
NW,90,"[13.5, 14.0)",0,0.0
S,90,"[13.5, 14.0)",0,0.0
SE,90,"[13.5, 14.0)",0,0.0
SW,90,"[13.5, 14.0)",0,0.0
W,90,"[13.5, 14.0)",0,0.0
E,90,"[14.0, 14.5)",0,0.0
N,90,"[14.0, 14.5)",0,0.0
NE,90,"[14.0, 14.5)",0,0.0
NW,90,"[14.0, 14.5)",0,0.0
S,90,"[14.0, 14.5)",0,0.0
SE,90,"[14.0, 14.5)",0,0.0
SW,90,"[14.0, 14.5)",0,0.0
W,90,"[14.0, 14.5)",0,0.0
E,90,"[14.5, 15.0)",0,0.0
N,90,"[14.5, 15.0)",0,0.0
NE,90,"[14.5, 15.0)",0,0.0
NW,90,"[14.5, 15.0)",0,0.0
S,90,"[14.5, 15.0)",0,0.0
SE,90,"[14.5, 15.0)",0,0.0
SW,90,"[14.5, 15.0)",0,0.0
W,90,"[14.5, 15.0)",0,0.0
E,90,"[15.0, 15.5)",0,0.0
N,90,"[15.0, 15.5)",0,0.0
NE,90,"[15.0, 15.5)",0,0.0
NW,90,"[15.0, 15.5)",0,0.0
S,90,"[15.0, 15.5)",0,0.0
SE,90,"[15.0, 15.5)",0,0.0
SW,90,"[15.0, 15.5)",0,0.0
W,90,"[15.0, 15.5)",0,0.0
E,90,"[15.5, 16.0)",0,0.0
N,90,"[15.5, 16.0)",0,0.0
NE,90,"[15.5, 16.0)",0,0.0
NW,90,"[15.5, 16.0)",0,0.0
S,90,"[15.5, 16.0)",0,0.0
SE,90,"[15.5, 16.0)",0,0.0
SW,90,"[15.5, 16.0)",0,0.0
W,90,"[15.5, 16.0)",0,0.0
E,90,"[16.0, 16.5)",0,0.0
N,90,"[16.0, 16.5)",0,0.0
NE,90,"[16.0, 16.5)",0,0.0
NW,90,"[16.0, 16.5)",0,0.0
S,90,"[16.0, 16.5)",0,0.0
SE,90,"[16.0, 16.5)",0,0.0
SW,90,"[16.0, 16.5)",0,0.0
W,90,"[16.0, 16.5)",0,0.0
E,90,"[16.5, 17.0)",0,0.0
N,90,"[16.5, 17.0)",0,0.0
NE,90,"[16.5, 17.0)",0,0.0
NW,90,"[16.5, 17.0)",0,0.0
S,90,"[16.5, 17.0)",0,0.0
SE,90,"[16.5, 17.0)",0,0.0
SW,90,"[16.5, 17.0)",0,0.0
W,90,"[16.5, 17.0)",0,0.0
E,135,"[0.0, 0.5)",0,0.0
N,135,"[0.0, 0.5)",0,0.0
NE,135,"[0.0, 0.5)",0,0.0
NW,135,"[0.0, 0.5)",0,0.0
S,135,"[0.0, 0.5)",0,0.0
SE,135,"[0.0, 0.5)",3,0.005301102629346904
SW,135,"[0.0, 0.5)",0,0.0
W,135,"[0.0, 0.5)",0,0.0
E,135,"[0.5, 1.0)",0,0.0
N,135,"[0.5, 1.0)",0,0.0
NE,135,"[0.5, 1.0)",0,0.0
NW,135,"[0.5, 1.0)",0,0.0
S,135,"[0.5, 1.0)",0,0.0
SE,135,"[0.5, 1.0)",25,0.044175855244557534
SW,135,"[0.5, 1.0)",0,0.0
W,135,"[0.5, 1.0)",0,0.0
E,135,"[1.0, 1.5)",0,0.0
N,135,"[1.0, 1.5)",0,0.0
NE,135,"[1.0, 1.5)",0,0.0
NW,135,"[1.0, 1.5)",0,0.0
S,135,"[1.0, 1.5)",0,0.0
SE,135,"[1.0, 1.5)",58,0.10248798416737348
SW,135,"[1.0, 1.5)",0,0.0
W,135,"[1.0, 1.5)",0,0.0
E,135,"[1.5, 2.0)",0,0.0
N,135,"[1.5, 2.0)",0,0.0
NE,135,"[1.5, 2.0)",0,0.0
NW,135,"[1.5, 2.0)",0,0.0
S,135,"[1.5, 2.0)",0,0.0
SE,135,"[1.5, 2.0)",81,0.1431297709923664
SW,135,"[1.5, 2.0)",0,0.0
W,135,"[1.5, 2.0)",0,0.0
E,135,"[2.0, 2.5)",0,0.0
N,135,"[2.0, 2.5)",0,0.0
NE,135,"[2.0, 2.5)",0,0.0
NW,135,"[2.0, 2.5)",0,0.0
S,135,"[2.0, 2.5)",0,0.0
SE,135,"[2.0, 2.5)",117,0.20674300254452924
SW,135,"[2.0, 2.5)",0,0.0
W,135,"[2.0, 2.5)",0,0.0
E,135,"[2.5, 3.0)",0,0.0
N,135,"[2.5, 3.0)",0,0.0
NE,135,"[2.5, 3.0)",0,0.0
NW,135,"[2.5, 3.0)",0,0.0
S,135,"[2.5, 3.0)",0,0.0
SE,135,"[2.5, 3.0)",197,0.34810573932711336
SW,135,"[2.5, 3.0)",0,0.0
W,135,"[2.5, 3.0)",0,0.0
E,135,"[3.0, 3.5)",0,0.0
N,135,"[3.0, 3.5)",0,0.0
NE,135,"[3.0, 3.5)",0,0.0
NW,135,"[3.0, 3.5)",0,0.0
S,135,"[3.0, 3.5)",0,0.0
SE,135,"[3.0, 3.5)",334,0.5901894260672886
SW,135,"[3.0, 3.5)",0,0.0
W,135,"[3.0, 3.5)",0,0.0
E,135,"[3.5, 4.0)",0,0.0
N,135,"[3.5, 4.0)",0,0.0
NE,135,"[3.5, 4.0)",0,0.0
NW,135,"[3.5, 4.0)",0,0.0
S,135,"[3.5, 4.0)",0,0.0
SE,135,"[3.5, 4.0)",488,0.8623126943737631
SW,135,"[3.5, 4.0)",0,0.0
W,135,"[3.5, 4.0)",0,0.0
E,135,"[4.0, 4.5)",0,0.0
N,135,"[4.0, 4.5)",0,0.0
NE,135,"[4.0, 4.5)",0,0.0
NW,135,"[4.0, 4.5)",0,0.0
S,135,"[4.0, 4.5)",0,0.0
SE,135,"[4.0, 4.5)",483,0.8534775233248516
SW,135,"[4.0, 4.5)",0,0.0
W,135,"[4.0, 4.5)",0,0.0
E,135,"[4.5, 5.0)",0,0.0
N,135,"[4.5, 5.0)",0,0.0
NE,135,"[4.5, 5.0)",0,0.0
NW,135,"[4.5, 5.0)",0,0.0
S,135,"[4.5, 5.0)",0,0.0
SE,135,"[4.5, 5.0)",455,0.8040005654509472
SW,135,"[4.5, 5.0)",0,0.0
W,135,"[4.5, 5.0)",0,0.0
E,135,"[5.0, 5.5)",0,0.0
N,135,"[5.0, 5.5)",0,0.0
NE,135,"[5.0, 5.5)",0,0.0
NW,135,"[5.0, 5.5)",0,0.0
S,135,"[5.0, 5.5)",0,0.0
SE,135,"[5.0, 5.5)",390,0.6891433418150975
SW,135,"[5.0, 5.5)",0,0.0
W,135,"[5.0, 5.5)",0,0.0
E,135,"[5.5, 6.0)",0,0.0
N,135,"[5.5, 6.0)",0,0.0
NE,135,"[5.5, 6.0)",0,0.0
NW,135,"[5.5, 6.0)",0,0.0
S,135,"[5.5, 6.0)",0,0.0
SE,135,"[5.5, 6.0)",284,0.5018377155781736
SW,135,"[5.5, 6.0)",0,0.0
W,135,"[5.5, 6.0)",0,0.0
E,135,"[6.0, 6.5)",0,0.0
N,135,"[6.0, 6.5)",0,0.0
NE,135,"[6.0, 6.5)",0,0.0
NW,135,"[6.0, 6.5)",0,0.0
S,135,"[6.0, 6.5)",0,0.0
SE,135,"[6.0, 6.5)",212,0.3746112524738479
SW,135,"[6.0, 6.5)",0,0.0
W,135,"[6.0, 6.5)",0,0.0
E,135,"[6.5, 7.0)",0,0.0
N,135,"[6.5, 7.0)",0,0.0
NE,135,"[6.5, 7.0)",0,0.0
NW,135,"[6.5, 7.0)",0,0.0
S,135,"[6.5, 7.0)",0,0.0
SE,135,"[6.5, 7.0)",107,0.18907266044670626
SW,135,"[6.5, 7.0)",0,0.0
W,135,"[6.5, 7.0)",0,0.0
E,135,"[7.0, 7.5)",0,0.0
N,135,"[7.0, 7.5)",0,0.0
NE,135,"[7.0, 7.5)",0,0.0
NW,135,"[7.0, 7.5)",0,0.0
S,135,"[7.0, 7.5)",0,0.0
SE,135,"[7.0, 7.5)",52,0.09188577890867967
SW,135,"[7.0, 7.5)",0,0.0
W,135,"[7.0, 7.5)",0,0.0
E,135,"[7.5, 8.0)",0,0.0
N,135,"[7.5, 8.0)",0,0.0
NE,135,"[7.5, 8.0)",0,0.0
NW,135,"[7.5, 8.0)",0,0.0
S,135,"[7.5, 8.0)",0,0.0
SE,135,"[7.5, 8.0)",20,0.03534068419564603
SW,135,"[7.5, 8.0)",0,0.0
W,135,"[7.5, 8.0)",0,0.0
E,135,"[8.0, 8.5)",0,0.0
N,135,"[8.0, 8.5)",0,0.0
NE,135,"[8.0, 8.5)",0,0.0
NW,135,"[8.0, 8.5)",0,0.0
S,135,"[8.0, 8.5)",0,0.0
SE,135,"[8.0, 8.5)",10,0.017670342097823016
SW,135,"[8.0, 8.5)",0,0.0
W,135,"[8.0, 8.5)",0,0.0
E,135,"[8.5, 9.0)",0,0.0
N,135,"[8.5, 9.0)",0,0.0
NE,135,"[8.5, 9.0)",0,0.0
NW,135,"[8.5, 9.0)",0,0.0
S,135,"[8.5, 9.0)",0,0.0
SE,135,"[8.5, 9.0)",3,0.005301102629346904
SW,135,"[8.5, 9.0)",0,0.0
W,135,"[8.5, 9.0)",0,0.0
E,135,"[9.0, 9.5)",0,0.0
N,135,"[9.0, 9.5)",0,0.0
NE,135,"[9.0, 9.5)",0,0.0
NW,135,"[9.0, 9.5)",0,0.0
S,135,"[9.0, 9.5)",0,0.0
SE,135,"[9.0, 9.5)",2,0.0035340684195646027
SW,135,"[9.0, 9.5)",0,0.0
W,135,"[9.0, 9.5)",0,0.0
E,135,"[9.5, 10.0)",0,0.0
N,135,"[9.5, 10.0)",0,0.0
NE,135,"[9.5, 10.0)",0,0.0
NW,135,"[9.5, 10.0)",0,0.0
S,135,"[9.5, 10.0)",0,0.0
SE,135,"[9.5, 10.0)",0,0.0
SW,135,"[9.5, 10.0)",0,0.0
W,135,"[9.5, 10.0)",0,0.0
E,135,"[10.0, 10.5)",0,0.0
N,135,"[10.0, 10.5)",0,0.0
NE,135,"[10.0, 10.5)",0,0.0
NW,135,"[10.0, 10.5)",0,0.0
S,135,"[10.0, 10.5)",0,0.0
SE,135,"[10.0, 10.5)",0,0.0
SW,135,"[10.0, 10.5)",0,0.0
W,135,"[10.0, 10.5)",0,0.0
E,135,"[10.5, 11.0)",0,0.0
N,135,"[10.5, 11.0)",0,0.0
NE,135,"[10.5, 11.0)",0,0.0
NW,135,"[10.5, 11.0)",0,0.0
S,135,"[10.5, 11.0)",0,0.0
SE,135,"[10.5, 11.0)",0,0.0
SW,135,"[10.5, 11.0)",0,0.0
W,135,"[10.5, 11.0)",0,0.0
E,135,"[11.0, 11.5)",0,0.0
N,135,"[11.0, 11.5)",0,0.0
NE,135,"[11.0, 11.5)",0,0.0
NW,135,"[11.0, 11.5)",0,0.0
S,135,"[11.0, 11.5)",0,0.0
SE,135,"[11.0, 11.5)",0,0.0
SW,135,"[11.0, 11.5)",0,0.0
W,135,"[11.0, 11.5)",0,0.0
E,135,"[11.5, 12.0)",0,0.0
N,135,"[11.5, 12.0)",0,0.0
NE,135,"[11.5, 12.0)",0,0.0
NW,135,"[11.5, 12.0)",0,0.0
S,135,"[11.5, 12.0)",0,0.0
SE,135,"[11.5, 12.0)",0,0.0
SW,135,"[11.5, 12.0)",0,0.0
W,135,"[11.5, 12.0)",0,0.0
E,135,"[12.0, 12.5)",0,0.0
N,135,"[12.0, 12.5)",0,0.0
NE,135,"[12.0, 12.5)",0,0.0
NW,135,"[12.0, 12.5)",0,0.0
S,135,"[12.0, 12.5)",0,0.0
SE,135,"[12.0, 12.5)",1,0.0017670342097823013
SW,135,"[12.0, 12.5)",0,0.0
W,135,"[12.0, 12.5)",0,0.0
E,135,"[12.5, 13.0)",0,0.0
N,135,"[12.5, 13.0)",0,0.0
NE,135,"[12.5, 13.0)",0,0.0
NW,135,"[12.5, 13.0)",0,0.0
S,135,"[12.5, 13.0)",0,0.0
SE,135,"[12.5, 13.0)",0,0.0
SW,135,"[12.5, 13.0)",0,0.0
W,135,"[12.5, 13.0)",0,0.0
E,135,"[13.0, 13.5)",0,0.0
N,135,"[13.0, 13.5)",0,0.0
NE,135,"[13.0, 13.5)",0,0.0
NW,135,"[13.0, 13.5)",0,0.0
S,135,"[13.0, 13.5)",0,0.0
SE,135,"[13.0, 13.5)",0,0.0
SW,135,"[13.0, 13.5)",0,0.0
W,135,"[13.0, 13.5)",0,0.0
E,135,"[13.5, 14.0)",0,0.0
N,135,"[13.5, 14.0)",0,0.0
NE,135,"[13.5, 14.0)",0,0.0
NW,135,"[13.5, 14.0)",0,0.0
S,135,"[13.5, 14.0)",0,0.0
SE,135,"[13.5, 14.0)",0,0.0
SW,135,"[13.5, 14.0)",0,0.0
W,135,"[13.5, 14.0)",0,0.0
E,135,"[14.0, 14.5)",0,0.0
N,135,"[14.0, 14.5)",0,0.0
NE,135,"[14.0, 14.5)",0,0.0
NW,135,"[14.0, 14.5)",0,0.0
S,135,"[14.0, 14.5)",0,0.0
SE,135,"[14.0, 14.5)",0,0.0
SW,135,"[14.0, 14.5)",0,0.0
W,135,"[14.0, 14.5)",0,0.0
E,135,"[14.5, 15.0)",0,0.0
N,135,"[14.5, 15.0)",0,0.0
NE,135,"[14.5, 15.0)",0,0.0
NW,135,"[14.5, 15.0)",0,0.0
S,135,"[14.5, 15.0)",0,0.0
SE,135,"[14.5, 15.0)",0,0.0
SW,135,"[14.5, 15.0)",0,0.0
W,135,"[14.5, 15.0)",0,0.0
E,135,"[15.0, 15.5)",0,0.0
N,135,"[15.0, 15.5)",0,0.0
NE,135,"[15.0, 15.5)",0,0.0
NW,135,"[15.0, 15.5)",0,0.0
S,135,"[15.0, 15.5)",0,0.0
SE,135,"[15.0, 15.5)",0,0.0
SW,135,"[15.0, 15.5)",0,0.0
W,135,"[15.0, 15.5)",0,0.0
E,135,"[15.5, 16.0)",0,0.0
N,135,"[15.5, 16.0)",0,0.0
NE,135,"[15.5, 16.0)",0,0.0
NW,135,"[15.5, 16.0)",0,0.0
S,135,"[15.5, 16.0)",0,0.0
SE,135,"[15.5, 16.0)",0,0.0
SW,135,"[15.5, 16.0)",0,0.0
W,135,"[15.5, 16.0)",0,0.0
E,135,"[16.0, 16.5)",0,0.0
N,135,"[16.0, 16.5)",0,0.0
NE,135,"[16.0, 16.5)",0,0.0
NW,135,"[16.0, 16.5)",0,0.0
S,135,"[16.0, 16.5)",0,0.0
SE,135,"[16.0, 16.5)",0,0.0
SW,135,"[16.0, 16.5)",0,0.0
W,135,"[16.0, 16.5)",0,0.0
E,135,"[16.5, 17.0)",0,0.0
N,135,"[16.5, 17.0)",0,0.0
NE,135,"[16.5, 17.0)",0,0.0
NW,135,"[16.5, 17.0)",0,0.0
S,135,"[16.5, 17.0)",0,0.0
SE,135,"[16.5, 17.0)",0,0.0
SW,135,"[16.5, 17.0)",0,0.0
W,135,"[16.5, 17.0)",0,0.0
E,180,"[0.0, 0.5)",0,0.0
N,180,"[0.0, 0.5)",0,0.0
NE,180,"[0.0, 0.5)",0,0.0
NW,180,"[0.0, 0.5)",0,0.0
S,180,"[0.0, 0.5)",7,0.01236923946847611
SE,180,"[0.0, 0.5)",0,0.0
SW,180,"[0.0, 0.5)",0,0.0
W,180,"[0.0, 0.5)",0,0.0
E,180,"[0.5, 1.0)",0,0.0
N,180,"[0.5, 1.0)",0,0.0
NE,180,"[0.5, 1.0)",0,0.0
NW,180,"[0.5, 1.0)",0,0.0
S,180,"[0.5, 1.0)",37,0.06538026576194515
SE,180,"[0.5, 1.0)",0,0.0
SW,180,"[0.5, 1.0)",0,0.0
W,180,"[0.5, 1.0)",0,0.0
E,180,"[1.0, 1.5)",0,0.0
N,180,"[1.0, 1.5)",0,0.0
NE,180,"[1.0, 1.5)",0,0.0
NW,180,"[1.0, 1.5)",0,0.0
S,180,"[1.0, 1.5)",52,0.09188577890867967
SE,180,"[1.0, 1.5)",0,0.0
SW,180,"[1.0, 1.5)",0,0.0
W,180,"[1.0, 1.5)",0,0.0
E,180,"[1.5, 2.0)",0,0.0
N,180,"[1.5, 2.0)",0,0.0
NE,180,"[1.5, 2.0)",0,0.0
NW,180,"[1.5, 2.0)",0,0.0
S,180,"[1.5, 2.0)",72,0.1272264631043257
SE,180,"[1.5, 2.0)",0,0.0
SW,180,"[1.5, 2.0)",0,0.0
W,180,"[1.5, 2.0)",0,0.0
E,180,"[2.0, 2.5)",0,0.0
N,180,"[2.0, 2.5)",0,0.0
NE,180,"[2.0, 2.5)",0,0.0
NW,180,"[2.0, 2.5)",0,0.0
S,180,"[2.0, 2.5)",132,0.23324851569126379
SE,180,"[2.0, 2.5)",0,0.0
SW,180,"[2.0, 2.5)",0,0.0
W,180,"[2.0, 2.5)",0,0.0
E,180,"[2.5, 3.0)",0,0.0
N,180,"[2.5, 3.0)",0,0.0
NE,180,"[2.5, 3.0)",0,0.0
NW,180,"[2.5, 3.0)",0,0.0
S,180,"[2.5, 3.0)",212,0.3746112524738479
SE,180,"[2.5, 3.0)",0,0.0
SW,180,"[2.5, 3.0)",0,0.0
W,180,"[2.5, 3.0)",0,0.0
E,180,"[3.0, 3.5)",0,0.0
N,180,"[3.0, 3.5)",0,0.0
NE,180,"[3.0, 3.5)",0,0.0
NW,180,"[3.0, 3.5)",0,0.0
S,180,"[3.0, 3.5)",188,0.3322024314390727
SE,180,"[3.0, 3.5)",0,0.0
SW,180,"[3.0, 3.5)",0,0.0
W,180,"[3.0, 3.5)",0,0.0
E,180,"[3.5, 4.0)",0,0.0
N,180,"[3.5, 4.0)",0,0.0
NE,180,"[3.5, 4.0)",0,0.0
NW,180,"[3.5, 4.0)",0,0.0
S,180,"[3.5, 4.0)",218,0.38521345773254173
SE,180,"[3.5, 4.0)",0,0.0
SW,180,"[3.5, 4.0)",0,0.0
W,180,"[3.5, 4.0)",0,0.0
E,180,"[4.0, 4.5)",0,0.0
N,180,"[4.0, 4.5)",0,0.0
NE,180,"[4.0, 4.5)",0,0.0
NW,180,"[4.0, 4.5)",0,0.0
S,180,"[4.0, 4.5)",240,0.4240882103477523
SE,180,"[4.0, 4.5)",0,0.0
SW,180,"[4.0, 4.5)",0,0.0
W,180,"[4.0, 4.5)",0,0.0
E,180,"[4.5, 5.0)",0,0.0
N,180,"[4.5, 5.0)",0,0.0
NE,180,"[4.5, 5.0)",0,0.0
NW,180,"[4.5, 5.0)",0,0.0
S,180,"[4.5, 5.0)",271,0.4788662708510037
SE,180,"[4.5, 5.0)",0,0.0
SW,180,"[4.5, 5.0)",0,0.0
W,180,"[4.5, 5.0)",0,0.0
E,180,"[5.0, 5.5)",0,0.0
N,180,"[5.0, 5.5)",0,0.0
NE,180,"[5.0, 5.5)",0,0.0
NW,180,"[5.0, 5.5)",0,0.0
S,180,"[5.0, 5.5)",158,0.2791914051456036
SE,180,"[5.0, 5.5)",0,0.0
SW,180,"[5.0, 5.5)",0,0.0
W,180,"[5.0, 5.5)",0,0.0
E,180,"[5.5, 6.0)",0,0.0
N,180,"[5.5, 6.0)",0,0.0
NE,180,"[5.5, 6.0)",0,0.0
NW,180,"[5.5, 6.0)",0,0.0
S,180,"[5.5, 6.0)",106,0.18730562623692396
SE,180,"[5.5, 6.0)",0,0.0
SW,180,"[5.5, 6.0)",0,0.0
W,180,"[5.5, 6.0)",0,0.0
E,180,"[6.0, 6.5)",0,0.0
N,180,"[6.0, 6.5)",0,0.0
NE,180,"[6.0, 6.5)",0,0.0
NW,180,"[6.0, 6.5)",0,0.0
S,180,"[6.0, 6.5)",114,0.20144189991518233
SE,180,"[6.0, 6.5)",0,0.0
SW,180,"[6.0, 6.5)",0,0.0
W,180,"[6.0, 6.5)",0,0.0
E,180,"[6.5, 7.0)",0,0.0
N,180,"[6.5, 7.0)",0,0.0
NE,180,"[6.5, 7.0)",0,0.0
NW,180,"[6.5, 7.0)",0,0.0
S,180,"[6.5, 7.0)",68,0.12015832626519649
SE,180,"[6.5, 7.0)",0,0.0
SW,180,"[6.5, 7.0)",0,0.0
W,180,"[6.5, 7.0)",0,0.0
E,180,"[7.0, 7.5)",0,0.0
N,180,"[7.0, 7.5)",0,0.0
NE,180,"[7.0, 7.5)",0,0.0
NW,180,"[7.0, 7.5)",0,0.0
S,180,"[7.0, 7.5)",51,0.09011874469889737
SE,180,"[7.0, 7.5)",0,0.0
SW,180,"[7.0, 7.5)",0,0.0
W,180,"[7.0, 7.5)",0,0.0
E,180,"[7.5, 8.0)",0,0.0
N,180,"[7.5, 8.0)",0,0.0
NE,180,"[7.5, 8.0)",0,0.0
NW,180,"[7.5, 8.0)",0,0.0
S,180,"[7.5, 8.0)",30,0.05301102629346904
SE,180,"[7.5, 8.0)",0,0.0
SW,180,"[7.5, 8.0)",0,0.0
W,180,"[7.5, 8.0)",0,0.0
E,180,"[8.0, 8.5)",0,0.0
N,180,"[8.0, 8.5)",0,0.0
NE,180,"[8.0, 8.5)",0,0.0
NW,180,"[8.0, 8.5)",0,0.0
S,180,"[8.0, 8.5)",34,0.06007916313259824
SE,180,"[8.0, 8.5)",0,0.0
SW,180,"[8.0, 8.5)",0,0.0
W,180,"[8.0, 8.5)",0,0.0
E,180,"[8.5, 9.0)",0,0.0
N,180,"[8.5, 9.0)",0,0.0
NE,180,"[8.5, 9.0)",0,0.0
NW,180,"[8.5, 9.0)",0,0.0
S,180,"[8.5, 9.0)",8,0.01413627367825841
SE,180,"[8.5, 9.0)",0,0.0
SW,180,"[8.5, 9.0)",0,0.0
W,180,"[8.5, 9.0)",0,0.0
E,180,"[9.0, 9.5)",0,0.0
N,180,"[9.0, 9.5)",0,0.0
NE,180,"[9.0, 9.5)",0,0.0
NW,180,"[9.0, 9.5)",0,0.0
S,180,"[9.0, 9.5)",7,0.01236923946847611
SE,180,"[9.0, 9.5)",0,0.0
SW,180,"[9.0, 9.5)",0,0.0
W,180,"[9.0, 9.5)",0,0.0
E,180,"[9.5, 10.0)",0,0.0
N,180,"[9.5, 10.0)",0,0.0
NE,180,"[9.5, 10.0)",0,0.0
NW,180,"[9.5, 10.0)",0,0.0
S,180,"[9.5, 10.0)",1,0.0017670342097823013
SE,180,"[9.5, 10.0)",0,0.0
SW,180,"[9.5, 10.0)",0,0.0
W,180,"[9.5, 10.0)",0,0.0
E,180,"[10.0, 10.5)",0,0.0
N,180,"[10.0, 10.5)",0,0.0
NE,180,"[10.0, 10.5)",0,0.0
NW,180,"[10.0, 10.5)",0,0.0
S,180,"[10.0, 10.5)",4,0.007068136839129205
SE,180,"[10.0, 10.5)",0,0.0
SW,180,"[10.0, 10.5)",0,0.0
W,180,"[10.0, 10.5)",0,0.0
E,180,"[10.5, 11.0)",0,0.0
N,180,"[10.5, 11.0)",0,0.0
NE,180,"[10.5, 11.0)",0,0.0
NW,180,"[10.5, 11.0)",0,0.0
S,180,"[10.5, 11.0)",0,0.0
SE,180,"[10.5, 11.0)",0,0.0
SW,180,"[10.5, 11.0)",0,0.0
W,180,"[10.5, 11.0)",0,0.0
E,180,"[11.0, 11.5)",0,0.0
N,180,"[11.0, 11.5)",0,0.0
NE,180,"[11.0, 11.5)",0,0.0
NW,180,"[11.0, 11.5)",0,0.0
S,180,"[11.0, 11.5)",0,0.0
SE,180,"[11.0, 11.5)",0,0.0
SW,180,"[11.0, 11.5)",0,0.0
W,180,"[11.0, 11.5)",0,0.0
E,180,"[11.5, 12.0)",0,0.0
N,180,"[11.5, 12.0)",0,0.0
NE,180,"[11.5, 12.0)",0,0.0
NW,180,"[11.5, 12.0)",0,0.0
S,180,"[11.5, 12.0)",0,0.0
SE,180,"[11.5, 12.0)",0,0.0
SW,180,"[11.5, 12.0)",0,0.0
W,180,"[11.5, 12.0)",0,0.0
E,180,"[12.0, 12.5)",0,0.0
N,180,"[12.0, 12.5)",0,0.0
NE,180,"[12.0, 12.5)",0,0.0
NW,180,"[12.0, 12.5)",0,0.0
S,180,"[12.0, 12.5)",0,0.0
SE,180,"[12.0, 12.5)",0,0.0
SW,180,"[12.0, 12.5)",0,0.0
W,180,"[12.0, 12.5)",0,0.0
E,180,"[12.5, 13.0)",0,0.0
N,180,"[12.5, 13.0)",0,0.0
NE,180,"[12.5, 13.0)",0,0.0
NW,180,"[12.5, 13.0)",0,0.0
S,180,"[12.5, 13.0)",0,0.0
SE,180,"[12.5, 13.0)",0,0.0
SW,180,"[12.5, 13.0)",0,0.0
W,180,"[12.5, 13.0)",0,0.0
E,180,"[13.0, 13.5)",0,0.0
N,180,"[13.0, 13.5)",0,0.0
NE,180,"[13.0, 13.5)",0,0.0
NW,180,"[13.0, 13.5)",0,0.0
S,180,"[13.0, 13.5)",0,0.0
SE,180,"[13.0, 13.5)",0,0.0
SW,180,"[13.0, 13.5)",0,0.0
W,180,"[13.0, 13.5)",0,0.0
E,180,"[13.5, 14.0)",0,0.0
N,180,"[13.5, 14.0)",0,0.0
NE,180,"[13.5, 14.0)",0,0.0
NW,180,"[13.5, 14.0)",0,0.0
S,180,"[13.5, 14.0)",0,0.0
SE,180,"[13.5, 14.0)",0,0.0
SW,180,"[13.5, 14.0)",0,0.0
W,180,"[13.5, 14.0)",0,0.0
E,180,"[14.0, 14.5)",0,0.0
N,180,"[14.0, 14.5)",0,0.0
NE,180,"[14.0, 14.5)",0,0.0
NW,180,"[14.0, 14.5)",0,0.0
S,180,"[14.0, 14.5)",0,0.0
SE,180,"[14.0, 14.5)",0,0.0
SW,180,"[14.0, 14.5)",0,0.0
W,180,"[14.0, 14.5)",0,0.0
E,180,"[14.5, 15.0)",0,0.0
N,180,"[14.5, 15.0)",0,0.0
NE,180,"[14.5, 15.0)",0,0.0
NW,180,"[14.5, 15.0)",0,0.0
S,180,"[14.5, 15.0)",0,0.0
SE,180,"[14.5, 15.0)",0,0.0
SW,180,"[14.5, 15.0)",0,0.0
W,180,"[14.5, 15.0)",0,0.0
E,180,"[15.0, 15.5)",0,0.0
N,180,"[15.0, 15.5)",0,0.0
NE,180,"[15.0, 15.5)",0,0.0
NW,180,"[15.0, 15.5)",0,0.0
S,180,"[15.0, 15.5)",0,0.0
SE,180,"[15.0, 15.5)",0,0.0
SW,180,"[15.0, 15.5)",0,0.0
W,180,"[15.0, 15.5)",0,0.0
E,180,"[15.5, 16.0)",0,0.0
N,180,"[15.5, 16.0)",0,0.0
NE,180,"[15.5, 16.0)",0,0.0
NW,180,"[15.5, 16.0)",0,0.0
S,180,"[15.5, 16.0)",0,0.0
SE,180,"[15.5, 16.0)",0,0.0
SW,180,"[15.5, 16.0)",0,0.0
W,180,"[15.5, 16.0)",0,0.0
E,180,"[16.0, 16.5)",0,0.0
N,180,"[16.0, 16.5)",0,0.0
NE,180,"[16.0, 16.5)",0,0.0
NW,180,"[16.0, 16.5)",0,0.0
S,180,"[16.0, 16.5)",0,0.0
SE,180,"[16.0, 16.5)",0,0.0
SW,180,"[16.0, 16.5)",0,0.0
W,180,"[16.0, 16.5)",0,0.0
E,180,"[16.5, 17.0)",0,0.0
N,180,"[16.5, 17.0)",0,0.0
NE,180,"[16.5, 17.0)",0,0.0
NW,180,"[16.5, 17.0)",0,0.0
S,180,"[16.5, 17.0)",0,0.0
SE,180,"[16.5, 17.0)",0,0.0
SW,180,"[16.5, 17.0)",0,0.0
W,180,"[16.5, 17.0)",0,0.0
E,225,"[0.0, 0.5)",0,0.0
N,225,"[0.0, 0.5)",0,0.0
NE,225,"[0.0, 0.5)",0,0.0
NW,225,"[0.0, 0.5)",0,0.0
S,225,"[0.0, 0.5)",0,0.0
SE,225,"[0.0, 0.5)",0,0.0
SW,225,"[0.0, 0.5)",8,0.01413627367825841
W,225,"[0.0, 0.5)",0,0.0
E,225,"[0.5, 1.0)",0,0.0
N,225,"[0.5, 1.0)",0,0.0
NE,225,"[0.5, 1.0)",0,0.0
NW,225,"[0.5, 1.0)",0,0.0
S,225,"[0.5, 1.0)",0,0.0
SE,225,"[0.5, 1.0)",0,0.0
SW,225,"[0.5, 1.0)",25,0.044175855244557534
W,225,"[0.5, 1.0)",0,0.0
E,225,"[1.0, 1.5)",0,0.0
N,225,"[1.0, 1.5)",0,0.0
NE,225,"[1.0, 1.5)",0,0.0
NW,225,"[1.0, 1.5)",0,0.0
S,225,"[1.0, 1.5)",0,0.0
SE,225,"[1.0, 1.5)",0,0.0
SW,225,"[1.0, 1.5)",85,0.15019790783149561
W,225,"[1.0, 1.5)",0,0.0
E,225,"[1.5, 2.0)",0,0.0
N,225,"[1.5, 2.0)",0,0.0
NE,225,"[1.5, 2.0)",0,0.0
NW,225,"[1.5, 2.0)",0,0.0
S,225,"[1.5, 2.0)",0,0.0
SE,225,"[1.5, 2.0)",0,0.0
SW,225,"[1.5, 2.0)",98,0.17316935255866556
W,225,"[1.5, 2.0)",0,0.0
E,225,"[2.0, 2.5)",0,0.0
N,225,"[2.0, 2.5)",0,0.0
NE,225,"[2.0, 2.5)",0,0.0
NW,225,"[2.0, 2.5)",0,0.0
S,225,"[2.0, 2.5)",0,0.0
SE,225,"[2.0, 2.5)",0,0.0
SW,225,"[2.0, 2.5)",123,0.21734520780322306
W,225,"[2.0, 2.5)",0,0.0
E,225,"[2.5, 3.0)",0,0.0
N,225,"[2.5, 3.0)",0,0.0
NE,225,"[2.5, 3.0)",0,0.0
NW,225,"[2.5, 3.0)",0,0.0
S,225,"[2.5, 3.0)",0,0.0
SE,225,"[2.5, 3.0)",0,0.0
SW,225,"[2.5, 3.0)",154,0.27212326830647443
W,225,"[2.5, 3.0)",0,0.0
E,225,"[3.0, 3.5)",0,0.0
N,225,"[3.0, 3.5)",0,0.0
NE,225,"[3.0, 3.5)",0,0.0
NW,225,"[3.0, 3.5)",0,0.0
S,225,"[3.0, 3.5)",0,0.0
SE,225,"[3.0, 3.5)",0,0.0
SW,225,"[3.0, 3.5)",156,0.275657336726039
W,225,"[3.0, 3.5)",0,0.0
E,225,"[3.5, 4.0)",0,0.0
N,225,"[3.5, 4.0)",0,0.0
NE,225,"[3.5, 4.0)",0,0.0
NW,225,"[3.5, 4.0)",0,0.0
S,225,"[3.5, 4.0)",0,0.0
SE,225,"[3.5, 4.0)",0,0.0
SW,225,"[3.5, 4.0)",217,0.3834464235227594
W,225,"[3.5, 4.0)",0,0.0
E,225,"[4.0, 4.5)",0,0.0
N,225,"[4.0, 4.5)",0,0.0
NE,225,"[4.0, 4.5)",0,0.0
NW,225,"[4.0, 4.5)",0,0.0
S,225,"[4.0, 4.5)",0,0.0
SE,225,"[4.0, 4.5)",0,0.0
SW,225,"[4.0, 4.5)",235,0.41525303929884083
W,225,"[4.0, 4.5)",0,0.0
E,225,"[4.5, 5.0)",0,0.0
N,225,"[4.5, 5.0)",0,0.0
NE,225,"[4.5, 5.0)",0,0.0
NW,225,"[4.5, 5.0)",0,0.0
S,225,"[4.5, 5.0)",0,0.0
SE,225,"[4.5, 5.0)",0,0.0
SW,225,"[4.5, 5.0)",263,0.46472999717274527
W,225,"[4.5, 5.0)",0,0.0
E,225,"[5.0, 5.5)",0,0.0
N,225,"[5.0, 5.5)",0,0.0
NE,225,"[5.0, 5.5)",0,0.0
NW,225,"[5.0, 5.5)",0,0.0
S,225,"[5.0, 5.5)",0,0.0
SE,225,"[5.0, 5.5)",0,0.0
SW,225,"[5.0, 5.5)",357,0.6308312128922816
W,225,"[5.0, 5.5)",0,0.0
E,225,"[5.5, 6.0)",0,0.0
N,225,"[5.5, 6.0)",0,0.0
NE,225,"[5.5, 6.0)",0,0.0
NW,225,"[5.5, 6.0)",0,0.0
S,225,"[5.5, 6.0)",0,0.0
SE,225,"[5.5, 6.0)",0,0.0
SW,225,"[5.5, 6.0)",463,0.8181368391292055
W,225,"[5.5, 6.0)",0,0.0
E,225,"[6.0, 6.5)",0,0.0
N,225,"[6.0, 6.5)",0,0.0
NE,225,"[6.0, 6.5)",0,0.0
NW,225,"[6.0, 6.5)",0,0.0
S,225,"[6.0, 6.5)",0,0.0
SE,225,"[6.0, 6.5)",0,0.0
SW,225,"[6.0, 6.5)",468,0.826972010178117
W,225,"[6.0, 6.5)",0,0.0
E,225,"[6.5, 7.0)",0,0.0
N,225,"[6.5, 7.0)",0,0.0
NE,225,"[6.5, 7.0)",0,0.0
NW,225,"[6.5, 7.0)",0,0.0
S,225,"[6.5, 7.0)",0,0.0
SE,225,"[6.5, 7.0)",0,0.0
SW,225,"[6.5, 7.0)",595,1.0513853548204692
W,225,"[6.5, 7.0)",0,0.0
E,225,"[7.0, 7.5)",0,0.0
N,225,"[7.0, 7.5)",0,0.0
NE,225,"[7.0, 7.5)",0,0.0
NW,225,"[7.0, 7.5)",0,0.0
S,225,"[7.0, 7.5)",0,0.0
SE,225,"[7.0, 7.5)",0,0.0
SW,225,"[7.0, 7.5)",571,1.0089765337856942
W,225,"[7.0, 7.5)",0,0.0
E,225,"[7.5, 8.0)",0,0.0
N,225,"[7.5, 8.0)",0,0.0
NE,225,"[7.5, 8.0)",0,0.0
NW,225,"[7.5, 8.0)",0,0.0
S,225,"[7.5, 8.0)",0,0.0
SE,225,"[7.5, 8.0)",0,0.0
SW,225,"[7.5, 8.0)",682,1.2051173310715295
W,225,"[7.5, 8.0)",0,0.0
E,225,"[8.0, 8.5)",0,0.0
N,225,"[8.0, 8.5)",0,0.0
NE,225,"[8.0, 8.5)",0,0.0
NW,225,"[8.0, 8.5)",0,0.0
S,225,"[8.0, 8.5)",0,0.0
SE,225,"[8.0, 8.5)",0,0.0
SW,225,"[8.0, 8.5)",729,1.2881679389312977
W,225,"[8.0, 8.5)",0,0.0
E,225,"[8.5, 9.0)",0,0.0
N,225,"[8.5, 9.0)",0,0.0
NE,225,"[8.5, 9.0)",0,0.0
NW,225,"[8.5, 9.0)",0,0.0
S,225,"[8.5, 9.0)",0,0.0
SE,225,"[8.5, 9.0)",0,0.0
SW,225,"[8.5, 9.0)",722,1.2757986994628217
W,225,"[8.5, 9.0)",0,0.0
E,225,"[9.0, 9.5)",0,0.0
N,225,"[9.0, 9.5)",0,0.0
NE,225,"[9.0, 9.5)",0,0.0
NW,225,"[9.0, 9.5)",0,0.0
S,225,"[9.0, 9.5)",0,0.0
SE,225,"[9.0, 9.5)",0,0.0
SW,225,"[9.0, 9.5)",809,1.4295306757138817
W,225,"[9.0, 9.5)",0,0.0
E,225,"[9.5, 10.0)",0,0.0
N,225,"[9.5, 10.0)",0,0.0
NE,225,"[9.5, 10.0)",0,0.0
NW,225,"[9.5, 10.0)",0,0.0
S,225,"[9.5, 10.0)",0,0.0
SE,225,"[9.5, 10.0)",0,0.0
SW,225,"[9.5, 10.0)",875,1.5461549335595137
W,225,"[9.5, 10.0)",0,0.0
E,225,"[10.0, 10.5)",0,0.0
N,225,"[10.0, 10.5)",0,0.0
NE,225,"[10.0, 10.5)",0,0.0
NW,225,"[10.0, 10.5)",0,0.0
S,225,"[10.0, 10.5)",0,0.0
SE,225,"[10.0, 10.5)",0,0.0
SW,225,"[10.0, 10.5)",765,1.3517811704834606
W,225,"[10.0, 10.5)",0,0.0
E,225,"[10.5, 11.0)",0,0.0
N,225,"[10.5, 11.0)",0,0.0
NE,225,"[10.5, 11.0)",0,0.0
NW,225,"[10.5, 11.0)",0,0.0
S,225,"[10.5, 11.0)",0,0.0
SE,225,"[10.5, 11.0)",0,0.0
SW,225,"[10.5, 11.0)",617,1.09026010743568
W,225,"[10.5, 11.0)",0,0.0
E,225,"[11.0, 11.5)",0,0.0
N,225,"[11.0, 11.5)",0,0.0
NE,225,"[11.0, 11.5)",0,0.0
NW,225,"[11.0, 11.5)",0,0.0
S,225,"[11.0, 11.5)",0,0.0
SE,225,"[11.0, 11.5)",0,0.0
SW,225,"[11.0, 11.5)",425,0.7509895391574781
W,225,"[11.0, 11.5)",0,0.0
E,225,"[11.5, 12.0)",0,0.0
N,225,"[11.5, 12.0)",0,0.0
NE,225,"[11.5, 12.0)",0,0.0
NW,225,"[11.5, 12.0)",0,0.0
S,225,"[11.5, 12.0)",0,0.0
SE,225,"[11.5, 12.0)",0,0.0
SW,225,"[11.5, 12.0)",363,0.6414334181509754
W,225,"[11.5, 12.0)",0,0.0
E,225,"[12.0, 12.5)",0,0.0
N,225,"[12.0, 12.5)",0,0.0
NE,225,"[12.0, 12.5)",0,0.0
NW,225,"[12.0, 12.5)",0,0.0
S,225,"[12.0, 12.5)",0,0.0
SE,225,"[12.0, 12.5)",0,0.0
SW,225,"[12.0, 12.5)",266,0.47003109980209223
W,225,"[12.0, 12.5)",0,0.0
E,225,"[12.5, 13.0)",0,0.0
N,225,"[12.5, 13.0)",0,0.0
NE,225,"[12.5, 13.0)",0,0.0
NW,225,"[12.5, 13.0)",0,0.0
S,225,"[12.5, 13.0)",0,0.0
SE,225,"[12.5, 13.0)",0,0.0
SW,225,"[12.5, 13.0)",181,0.31983319197059656
W,225,"[12.5, 13.0)",0,0.0
E,225,"[13.0, 13.5)",0,0.0
N,225,"[13.0, 13.5)",0,0.0
NE,225,"[13.0, 13.5)",0,0.0
NW,225,"[13.0, 13.5)",0,0.0
S,225,"[13.0, 13.5)",0,0.0
SE,225,"[13.0, 13.5)",0,0.0
SW,225,"[13.0, 13.5)",141,0.24915182357930452
W,225,"[13.0, 13.5)",0,0.0
E,225,"[13.5, 14.0)",0,0.0
N,225,"[13.5, 14.0)",0,0.0
NE,225,"[13.5, 14.0)",0,0.0
NW,225,"[13.5, 14.0)",0,0.0
S,225,"[13.5, 14.0)",0,0.0
SE,225,"[13.5, 14.0)",0,0.0
SW,225,"[13.5, 14.0)",105,0.18553859202714165
W,225,"[13.5, 14.0)",0,0.0
E,225,"[14.0, 14.5)",0,0.0
N,225,"[14.0, 14.5)",0,0.0
NE,225,"[14.0, 14.5)",0,0.0
NW,225,"[14.0, 14.5)",0,0.0
S,225,"[14.0, 14.5)",0,0.0
SE,225,"[14.0, 14.5)",0,0.0
SW,225,"[14.0, 14.5)",72,0.1272264631043257
W,225,"[14.0, 14.5)",0,0.0
E,225,"[14.5, 15.0)",0,0.0
N,225,"[14.5, 15.0)",0,0.0
NE,225,"[14.5, 15.0)",0,0.0
NW,225,"[14.5, 15.0)",0,0.0
S,225,"[14.5, 15.0)",0,0.0
SE,225,"[14.5, 15.0)",0,0.0
SW,225,"[14.5, 15.0)",50,0.08835171048911507
W,225,"[14.5, 15.0)",0,0.0
E,225,"[15.0, 15.5)",0,0.0
N,225,"[15.0, 15.5)",0,0.0
NE,225,"[15.0, 15.5)",0,0.0
NW,225,"[15.0, 15.5)",0,0.0
S,225,"[15.0, 15.5)",0,0.0
SE,225,"[15.0, 15.5)",0,0.0
SW,225,"[15.0, 15.5)",21,0.03710771840542833
W,225,"[15.0, 15.5)",0,0.0
E,225,"[15.5, 16.0)",0,0.0
N,225,"[15.5, 16.0)",0,0.0
NE,225,"[15.5, 16.0)",0,0.0
NW,225,"[15.5, 16.0)",0,0.0
S,225,"[15.5, 16.0)",0,0.0
SE,225,"[15.5, 16.0)",0,0.0
SW,225,"[15.5, 16.0)",9,0.015903307888040712
W,225,"[15.5, 16.0)",0,0.0
E,225,"[16.0, 16.5)",0,0.0
N,225,"[16.0, 16.5)",0,0.0
NE,225,"[16.0, 16.5)",0,0.0
NW,225,"[16.0, 16.5)",0,0.0
S,225,"[16.0, 16.5)",0,0.0
SE,225,"[16.0, 16.5)",0,0.0
SW,225,"[16.0, 16.5)",6,0.010602205258693808
W,225,"[16.0, 16.5)",0,0.0
E,225,"[16.5, 17.0)",0,0.0
N,225,"[16.5, 17.0)",0,0.0
NE,225,"[16.5, 17.0)",0,0.0
NW,225,"[16.5, 17.0)",0,0.0
S,225,"[16.5, 17.0)",0,0.0
SE,225,"[16.5, 17.0)",0,0.0
SW,225,"[16.5, 17.0)",1,0.0017670342097823013
W,225,"[16.5, 17.0)",0,0.0
E,270,"[0.0, 0.5)",0,0.0
N,270,"[0.0, 0.5)",0,0.0
NE,270,"[0.0, 0.5)",0,0.0
NW,270,"[0.0, 0.5)",0,0.0
S,270,"[0.0, 0.5)",0,0.0
SE,270,"[0.0, 0.5)",0,0.0
SW,270,"[0.0, 0.5)",0,0.0
W,270,"[0.0, 0.5)",9,0.015903307888040712
E,270,"[0.5, 1.0)",0,0.0
N,270,"[0.5, 1.0)",0,0.0
NE,270,"[0.5, 1.0)",0,0.0
NW,270,"[0.5, 1.0)",0,0.0
S,270,"[0.5, 1.0)",0,0.0
SE,270,"[0.5, 1.0)",0,0.0
SW,270,"[0.5, 1.0)",0,0.0
W,270,"[0.5, 1.0)",30,0.05301102629346904
E,270,"[1.0, 1.5)",0,0.0
N,270,"[1.0, 1.5)",0,0.0
NE,270,"[1.0, 1.5)",0,0.0
NW,270,"[1.0, 1.5)",0,0.0
S,270,"[1.0, 1.5)",0,0.0
SE,270,"[1.0, 1.5)",0,0.0
SW,270,"[1.0, 1.5)",0,0.0
W,270,"[1.0, 1.5)",71,0.1254594288945434
E,270,"[1.5, 2.0)",0,0.0
N,270,"[1.5, 2.0)",0,0.0
NE,270,"[1.5, 2.0)",0,0.0
NW,270,"[1.5, 2.0)",0,0.0
S,270,"[1.5, 2.0)",0,0.0
SE,270,"[1.5, 2.0)",0,0.0
SW,270,"[1.5, 2.0)",0,0.0
W,270,"[1.5, 2.0)",148,0.2615210630477806
E,270,"[2.0, 2.5)",0,0.0
N,270,"[2.0, 2.5)",0,0.0
NE,270,"[2.0, 2.5)",0,0.0
NW,270,"[2.0, 2.5)",0,0.0
S,270,"[2.0, 2.5)",0,0.0
SE,270,"[2.0, 2.5)",0,0.0
SW,270,"[2.0, 2.5)",0,0.0
W,270,"[2.0, 2.5)",156,0.275657336726039
E,270,"[2.5, 3.0)",0,0.0
N,270,"[2.5, 3.0)",0,0.0
NE,270,"[2.5, 3.0)",0,0.0
NW,270,"[2.5, 3.0)",0,0.0
S,270,"[2.5, 3.0)",0,0.0
SE,270,"[2.5, 3.0)",0,0.0
SW,270,"[2.5, 3.0)",0,0.0
W,270,"[2.5, 3.0)",213,0.37637828668363016
E,270,"[3.0, 3.5)",0,0.0
N,270,"[3.0, 3.5)",0,0.0
NE,270,"[3.0, 3.5)",0,0.0
NW,270,"[3.0, 3.5)",0,0.0
S,270,"[3.0, 3.5)",0,0.0
SE,270,"[3.0, 3.5)",0,0.0
SW,270,"[3.0, 3.5)",0,0.0
W,270,"[3.0, 3.5)",301,0.5318772971444727
E,270,"[3.5, 4.0)",0,0.0
N,270,"[3.5, 4.0)",0,0.0
NE,270,"[3.5, 4.0)",0,0.0
NW,270,"[3.5, 4.0)",0,0.0
S,270,"[3.5, 4.0)",0,0.0
SE,270,"[3.5, 4.0)",0,0.0
SW,270,"[3.5, 4.0)",0,0.0
W,270,"[3.5, 4.0)",347,0.6131608707944586
E,270,"[4.0, 4.5)",0,0.0
N,270,"[4.0, 4.5)",0,0.0
NE,270,"[4.0, 4.5)",0,0.0
NW,270,"[4.0, 4.5)",0,0.0
S,270,"[4.0, 4.5)",0,0.0
SE,270,"[4.0, 4.5)",0,0.0
SW,270,"[4.0, 4.5)",0,0.0
W,270,"[4.0, 4.5)",523,0.9241588917161435
E,270,"[4.5, 5.0)",0,0.0
N,270,"[4.5, 5.0)",0,0.0
NE,270,"[4.5, 5.0)",0,0.0
NW,270,"[4.5, 5.0)",0,0.0
S,270,"[4.5, 5.0)",0,0.0
SE,270,"[4.5, 5.0)",0,0.0
SW,270,"[4.5, 5.0)",0,0.0
W,270,"[4.5, 5.0)",634,1.120299689001979
E,270,"[5.0, 5.5)",0,0.0
N,270,"[5.0, 5.5)",0,0.0
NE,270,"[5.0, 5.5)",0,0.0
NW,270,"[5.0, 5.5)",0,0.0
S,270,"[5.0, 5.5)",0,0.0
SE,270,"[5.0, 5.5)",0,0.0
SW,270,"[5.0, 5.5)",0,0.0
W,270,"[5.0, 5.5)",738,1.3040712468193385
E,270,"[5.5, 6.0)",0,0.0
N,270,"[5.5, 6.0)",0,0.0
NE,270,"[5.5, 6.0)",0,0.0
NW,270,"[5.5, 6.0)",0,0.0
S,270,"[5.5, 6.0)",0,0.0
SE,270,"[5.5, 6.0)",0,0.0
SW,270,"[5.5, 6.0)",0,0.0
W,270,"[5.5, 6.0)",993,1.7546649703138253
E,270,"[6.0, 6.5)",0,0.0
N,270,"[6.0, 6.5)",0,0.0
NE,270,"[6.0, 6.5)",0,0.0
NW,270,"[6.0, 6.5)",0,0.0
S,270,"[6.0, 6.5)",0,0.0
SE,270,"[6.0, 6.5)",0,0.0
SW,270,"[6.0, 6.5)",0,0.0
W,270,"[6.0, 6.5)",1124,1.986146451795307
E,270,"[6.5, 7.0)",0,0.0
N,270,"[6.5, 7.0)",0,0.0
NE,270,"[6.5, 7.0)",0,0.0
NW,270,"[6.5, 7.0)",0,0.0
S,270,"[6.5, 7.0)",0,0.0
SE,270,"[6.5, 7.0)",0,0.0
SW,270,"[6.5, 7.0)",0,0.0
W,270,"[6.5, 7.0)",1345,2.3766610121571956
E,270,"[7.0, 7.5)",0,0.0
N,270,"[7.0, 7.5)",0,0.0
NE,270,"[7.0, 7.5)",0,0.0
NW,270,"[7.0, 7.5)",0,0.0
S,270,"[7.0, 7.5)",0,0.0
SE,270,"[7.0, 7.5)",0,0.0
SW,270,"[7.0, 7.5)",0,0.0
W,270,"[7.0, 7.5)",1519,2.6841249646593157
E,270,"[7.5, 8.0)",0,0.0
N,270,"[7.5, 8.0)",0,0.0
NE,270,"[7.5, 8.0)",0,0.0
NW,270,"[7.5, 8.0)",0,0.0
S,270,"[7.5, 8.0)",0,0.0
SE,270,"[7.5, 8.0)",0,0.0
SW,270,"[7.5, 8.0)",0,0.0
W,270,"[7.5, 8.0)",1430,2.526858919988691
E,270,"[8.0, 8.5)",0,0.0
N,270,"[8.0, 8.5)",0,0.0
NE,270,"[8.0, 8.5)",0,0.0
NW,270,"[8.0, 8.5)",0,0.0
S,270,"[8.0, 8.5)",0,0.0
SE,270,"[8.0, 8.5)",0,0.0
SW,270,"[8.0, 8.5)",0,0.0
W,270,"[8.0, 8.5)",1294,2.286542267458298
E,270,"[8.5, 9.0)",0,0.0
N,270,"[8.5, 9.0)",0,0.0
NE,270,"[8.5, 9.0)",0,0.0
NW,270,"[8.5, 9.0)",0,0.0
S,270,"[8.5, 9.0)",0,0.0
SE,270,"[8.5, 9.0)",0,0.0
SW,270,"[8.5, 9.0)",0,0.0
W,270,"[8.5, 9.0)",1152,2.035623409669211
E,270,"[9.0, 9.5)",0,0.0
N,270,"[9.0, 9.5)",0,0.0
NE,270,"[9.0, 9.5)",0,0.0
NW,270,"[9.0, 9.5)",0,0.0
S,270,"[9.0, 9.5)",0,0.0
SE,270,"[9.0, 9.5)",0,0.0
SW,270,"[9.0, 9.5)",0,0.0
W,270,"[9.0, 9.5)",897,1.5850296861747242
E,270,"[9.5, 10.0)",0,0.0
N,270,"[9.5, 10.0)",0,0.0
NE,270,"[9.5, 10.0)",0,0.0
NW,270,"[9.5, 10.0)",0,0.0
S,270,"[9.5, 10.0)",0,0.0
SE,270,"[9.5, 10.0)",0,0.0
SW,270,"[9.5, 10.0)",0,0.0
W,270,"[9.5, 10.0)",640,1.130901894260673
E,270,"[10.0, 10.5)",0,0.0
N,270,"[10.0, 10.5)",0,0.0
NE,270,"[10.0, 10.5)",0,0.0
NW,270,"[10.0, 10.5)",0,0.0
S,270,"[10.0, 10.5)",0,0.0
SE,270,"[10.0, 10.5)",0,0.0
SW,270,"[10.0, 10.5)",0,0.0
W,270,"[10.0, 10.5)",520,0.9188577890867968
E,270,"[10.5, 11.0)",0,0.0
N,270,"[10.5, 11.0)",0,0.0
NE,270,"[10.5, 11.0)",0,0.0
NW,270,"[10.5, 11.0)",0,0.0
S,270,"[10.5, 11.0)",0,0.0
SE,270,"[10.5, 11.0)",0,0.0
SW,270,"[10.5, 11.0)",0,0.0
W,270,"[10.5, 11.0)",348,0.6149279050042409
E,270,"[11.0, 11.5)",0,0.0
N,270,"[11.0, 11.5)",0,0.0
NE,270,"[11.0, 11.5)",0,0.0
NW,270,"[11.0, 11.5)",0,0.0
S,270,"[11.0, 11.5)",0,0.0
SE,270,"[11.0, 11.5)",0,0.0
SW,270,"[11.0, 11.5)",0,0.0
W,270,"[11.0, 11.5)",274,0.48416737348035055
E,270,"[11.5, 12.0)",0,0.0
N,270,"[11.5, 12.0)",0,0.0
NE,270,"[11.5, 12.0)",0,0.0
NW,270,"[11.5, 12.0)",0,0.0
S,270,"[11.5, 12.0)",0,0.0
SE,270,"[11.5, 12.0)",0,0.0
SW,270,"[11.5, 12.0)",0,0.0
W,270,"[11.5, 12.0)",196,0.3463387051173311
E,270,"[12.0, 12.5)",0,0.0
N,270,"[12.0, 12.5)",0,0.0
NE,270,"[12.0, 12.5)",0,0.0
NW,270,"[12.0, 12.5)",0,0.0
S,270,"[12.0, 12.5)",0,0.0
SE,270,"[12.0, 12.5)",0,0.0
SW,270,"[12.0, 12.5)",0,0.0
W,270,"[12.0, 12.5)",131,0.23148148148148145
E,270,"[12.5, 13.0)",0,0.0
N,270,"[12.5, 13.0)",0,0.0
NE,270,"[12.5, 13.0)",0,0.0
NW,270,"[12.5, 13.0)",0,0.0
S,270,"[12.5, 13.0)",0,0.0
SE,270,"[12.5, 13.0)",0,0.0
SW,270,"[12.5, 13.0)",0,0.0
W,270,"[12.5, 13.0)",78,0.1378286683630195
E,270,"[13.0, 13.5)",0,0.0
N,270,"[13.0, 13.5)",0,0.0
NE,270,"[13.0, 13.5)",0,0.0
NW,270,"[13.0, 13.5)",0,0.0
S,270,"[13.0, 13.5)",0,0.0
SE,270,"[13.0, 13.5)",0,0.0
SW,270,"[13.0, 13.5)",0,0.0
W,270,"[13.0, 13.5)",47,0.08305060785976817
E,270,"[13.5, 14.0)",0,0.0
N,270,"[13.5, 14.0)",0,0.0
NE,270,"[13.5, 14.0)",0,0.0
NW,270,"[13.5, 14.0)",0,0.0
S,270,"[13.5, 14.0)",0,0.0
SE,270,"[13.5, 14.0)",0,0.0
SW,270,"[13.5, 14.0)",0,0.0
W,270,"[13.5, 14.0)",31,0.05477806050325135
E,270,"[14.0, 14.5)",0,0.0
N,270,"[14.0, 14.5)",0,0.0
NE,270,"[14.0, 14.5)",0,0.0
NW,270,"[14.0, 14.5)",0,0.0
S,270,"[14.0, 14.5)",0,0.0
SE,270,"[14.0, 14.5)",0,0.0
SW,270,"[14.0, 14.5)",0,0.0
W,270,"[14.0, 14.5)",11,0.019437376307605315
E,270,"[14.5, 15.0)",0,0.0
N,270,"[14.5, 15.0)",0,0.0
NE,270,"[14.5, 15.0)",0,0.0
NW,270,"[14.5, 15.0)",0,0.0
S,270,"[14.5, 15.0)",0,0.0
SE,270,"[14.5, 15.0)",0,0.0
SW,270,"[14.5, 15.0)",0,0.0
W,270,"[14.5, 15.0)",5,0.008835171048911508
E,270,"[15.0, 15.5)",0,0.0
N,270,"[15.0, 15.5)",0,0.0
NE,270,"[15.0, 15.5)",0,0.0
NW,270,"[15.0, 15.5)",0,0.0
S,270,"[15.0, 15.5)",0,0.0
SE,270,"[15.0, 15.5)",0,0.0
SW,270,"[15.0, 15.5)",0,0.0
W,270,"[15.0, 15.5)",1,0.0017670342097823013
E,270,"[15.5, 16.0)",0,0.0
N,270,"[15.5, 16.0)",0,0.0
NE,270,"[15.5, 16.0)",0,0.0
NW,270,"[15.5, 16.0)",0,0.0
S,270,"[15.5, 16.0)",0,0.0
SE,270,"[15.5, 16.0)",0,0.0
SW,270,"[15.5, 16.0)",0,0.0
W,270,"[15.5, 16.0)",0,0.0
E,270,"[16.0, 16.5)",0,0.0
N,270,"[16.0, 16.5)",0,0.0
NE,270,"[16.0, 16.5)",0,0.0
NW,270,"[16.0, 16.5)",0,0.0
S,270,"[16.0, 16.5)",0,0.0
SE,270,"[16.0, 16.5)",0,0.0
SW,270,"[16.0, 16.5)",0,0.0
W,270,"[16.0, 16.5)",0,0.0
E,270,"[16.5, 17.0)",0,0.0
N,270,"[16.5, 17.0)",0,0.0
NE,270,"[16.5, 17.0)",0,0.0
NW,270,"[16.5, 17.0)",0,0.0
S,270,"[16.5, 17.0)",0,0.0
SE,270,"[16.5, 17.0)",0,0.0
SW,270,"[16.5, 17.0)",0,0.0
W,270,"[16.5, 17.0)",0,0.0
E,315,"[0.0, 0.5)",0,0.0
N,315,"[0.0, 0.5)",0,0.0
NE,315,"[0.0, 0.5)",0,0.0
NW,315,"[0.0, 0.5)",5,0.008835171048911508
S,315,"[0.0, 0.5)",0,0.0
SE,315,"[0.0, 0.5)",0,0.0
SW,315,"[0.0, 0.5)",0,0.0
W,315,"[0.0, 0.5)",0,0.0
E,315,"[0.5, 1.0)",0,0.0
N,315,"[0.5, 1.0)",0,0.0
NE,315,"[0.5, 1.0)",0,0.0
NW,315,"[0.5, 1.0)",43,0.07598247102063896
S,315,"[0.5, 1.0)",0,0.0
SE,315,"[0.5, 1.0)",0,0.0
SW,315,"[0.5, 1.0)",0,0.0
W,315,"[0.5, 1.0)",0,0.0
E,315,"[1.0, 1.5)",0,0.0
N,315,"[1.0, 1.5)",0,0.0
NE,315,"[1.0, 1.5)",0,0.0
NW,315,"[1.0, 1.5)",86,0.15196494204127792
S,315,"[1.0, 1.5)",0,0.0
SE,315,"[1.0, 1.5)",0,0.0
SW,315,"[1.0, 1.5)",0,0.0
W,315,"[1.0, 1.5)",0,0.0
E,315,"[1.5, 2.0)",0,0.0
N,315,"[1.5, 2.0)",0,0.0
NE,315,"[1.5, 2.0)",0,0.0
NW,315,"[1.5, 2.0)",120,0.21204410517387615
S,315,"[1.5, 2.0)",0,0.0
SE,315,"[1.5, 2.0)",0,0.0
SW,315,"[1.5, 2.0)",0,0.0
W,315,"[1.5, 2.0)",0,0.0
E,315,"[2.0, 2.5)",0,0.0
N,315,"[2.0, 2.5)",0,0.0
NE,315,"[2.0, 2.5)",0,0.0
NW,315,"[2.0, 2.5)",174,0.30746395250212044
S,315,"[2.0, 2.5)",0,0.0
SE,315,"[2.0, 2.5)",0,0.0
SW,315,"[2.0, 2.5)",0,0.0
W,315,"[2.0, 2.5)",0,0.0
E,315,"[2.5, 3.0)",0,0.0
N,315,"[2.5, 3.0)",0,0.0
NE,315,"[2.5, 3.0)",0,0.0
NW,315,"[2.5, 3.0)",278,0.49123551031947976
S,315,"[2.5, 3.0)",0,0.0
SE,315,"[2.5, 3.0)",0,0.0
SW,315,"[2.5, 3.0)",0,0.0
W,315,"[2.5, 3.0)",0,0.0
E,315,"[3.0, 3.5)",0,0.0
N,315,"[3.0, 3.5)",0,0.0
NE,315,"[3.0, 3.5)",0,0.0
NW,315,"[3.0, 3.5)",335,0.5919564602770709
S,315,"[3.0, 3.5)",0,0.0
SE,315,"[3.0, 3.5)",0,0.0
SW,315,"[3.0, 3.5)",0,0.0
W,315,"[3.0, 3.5)",0,0.0
E,315,"[3.5, 4.0)",0,0.0
N,315,"[3.5, 4.0)",0,0.0
NE,315,"[3.5, 4.0)",0,0.0
NW,315,"[3.5, 4.0)",349,0.6166949392140232
S,315,"[3.5, 4.0)",0,0.0
SE,315,"[3.5, 4.0)",0,0.0
SW,315,"[3.5, 4.0)",0,0.0
W,315,"[3.5, 4.0)",0,0.0
E,315,"[4.0, 4.5)",0,0.0
N,315,"[4.0, 4.5)",0,0.0
NE,315,"[4.0, 4.5)",0,0.0
NW,315,"[4.0, 4.5)",418,0.738620299689002
S,315,"[4.0, 4.5)",0,0.0
SE,315,"[4.0, 4.5)",0,0.0
SW,315,"[4.0, 4.5)",0,0.0
W,315,"[4.0, 4.5)",0,0.0
E,315,"[4.5, 5.0)",0,0.0
N,315,"[4.5, 5.0)",0,0.0
NE,315,"[4.5, 5.0)",0,0.0
NW,315,"[4.5, 5.0)",385,0.680308170766186
S,315,"[4.5, 5.0)",0,0.0
SE,315,"[4.5, 5.0)",0,0.0
SW,315,"[4.5, 5.0)",0,0.0
W,315,"[4.5, 5.0)",0,0.0
E,315,"[5.0, 5.5)",0,0.0
N,315,"[5.0, 5.5)",0,0.0
NE,315,"[5.0, 5.5)",0,0.0
NW,315,"[5.0, 5.5)",314,0.5548487418716427
S,315,"[5.0, 5.5)",0,0.0
SE,315,"[5.0, 5.5)",0,0.0
SW,315,"[5.0, 5.5)",0,0.0
W,315,"[5.0, 5.5)",0,0.0
E,315,"[5.5, 6.0)",0,0.0
N,315,"[5.5, 6.0)",0,0.0
NE,315,"[5.5, 6.0)",0,0.0
NW,315,"[5.5, 6.0)",276,0.4877014418999152
S,315,"[5.5, 6.0)",0,0.0
SE,315,"[5.5, 6.0)",0,0.0
SW,315,"[5.5, 6.0)",0,0.0
W,315,"[5.5, 6.0)",0,0.0
E,315,"[6.0, 6.5)",0,0.0
N,315,"[6.0, 6.5)",0,0.0
NE,315,"[6.0, 6.5)",0,0.0
NW,315,"[6.0, 6.5)",291,0.5142069550466497
S,315,"[6.0, 6.5)",0,0.0
SE,315,"[6.0, 6.5)",0,0.0
SW,315,"[6.0, 6.5)",0,0.0
W,315,"[6.0, 6.5)",0,0.0
E,315,"[6.5, 7.0)",0,0.0
N,315,"[6.5, 7.0)",0,0.0
NE,315,"[6.5, 7.0)",0,0.0
NW,315,"[6.5, 7.0)",249,0.4399915182357931
S,315,"[6.5, 7.0)",0,0.0
SE,315,"[6.5, 7.0)",0,0.0
SW,315,"[6.5, 7.0)",0,0.0
W,315,"[6.5, 7.0)",0,0.0
E,315,"[7.0, 7.5)",0,0.0
N,315,"[7.0, 7.5)",0,0.0
NE,315,"[7.0, 7.5)",0,0.0
NW,315,"[7.0, 7.5)",198,0.34987277353689566
S,315,"[7.0, 7.5)",0,0.0
SE,315,"[7.0, 7.5)",0,0.0
SW,315,"[7.0, 7.5)",0,0.0
W,315,"[7.0, 7.5)",0,0.0
E,315,"[7.5, 8.0)",0,0.0
N,315,"[7.5, 8.0)",0,0.0
NE,315,"[7.5, 8.0)",0,0.0
NW,315,"[7.5, 8.0)",155,0.27389030251625673
S,315,"[7.5, 8.0)",0,0.0
SE,315,"[7.5, 8.0)",0,0.0
SW,315,"[7.5, 8.0)",0,0.0
W,315,"[7.5, 8.0)",0,0.0
E,315,"[8.0, 8.5)",0,0.0
N,315,"[8.0, 8.5)",0,0.0
NE,315,"[8.0, 8.5)",0,0.0
NW,315,"[8.0, 8.5)",125,0.22087927622278766
S,315,"[8.0, 8.5)",0,0.0
SE,315,"[8.0, 8.5)",0,0.0
SW,315,"[8.0, 8.5)",0,0.0
W,315,"[8.0, 8.5)",0,0.0
E,315,"[8.5, 9.0)",0,0.0
N,315,"[8.5, 9.0)",0,0.0
NE,315,"[8.5, 9.0)",0,0.0
NW,315,"[8.5, 9.0)",72,0.1272264631043257
S,315,"[8.5, 9.0)",0,0.0
SE,315,"[8.5, 9.0)",0,0.0
SW,315,"[8.5, 9.0)",0,0.0
W,315,"[8.5, 9.0)",0,0.0
E,315,"[9.0, 9.5)",0,0.0
N,315,"[9.0, 9.5)",0,0.0
NE,315,"[9.0, 9.5)",0,0.0
NW,315,"[9.0, 9.5)",51,0.09011874469889737
S,315,"[9.0, 9.5)",0,0.0
SE,315,"[9.0, 9.5)",0,0.0
SW,315,"[9.0, 9.5)",0,0.0
W,315,"[9.0, 9.5)",0,0.0
E,315,"[9.5, 10.0)",0,0.0
N,315,"[9.5, 10.0)",0,0.0
NE,315,"[9.5, 10.0)",0,0.0
NW,315,"[9.5, 10.0)",28,0.04947695787390444
S,315,"[9.5, 10.0)",0,0.0
SE,315,"[9.5, 10.0)",0,0.0
SW,315,"[9.5, 10.0)",0,0.0
W,315,"[9.5, 10.0)",0,0.0
E,315,"[10.0, 10.5)",0,0.0
N,315,"[10.0, 10.5)",0,0.0
NE,315,"[10.0, 10.5)",0,0.0
NW,315,"[10.0, 10.5)",11,0.019437376307605315
S,315,"[10.0, 10.5)",0,0.0
SE,315,"[10.0, 10.5)",0,0.0
SW,315,"[10.0, 10.5)",0,0.0
W,315,"[10.0, 10.5)",0,0.0
E,315,"[10.5, 11.0)",0,0.0
N,315,"[10.5, 11.0)",0,0.0
NE,315,"[10.5, 11.0)",0,0.0
NW,315,"[10.5, 11.0)",5,0.008835171048911508
S,315,"[10.5, 11.0)",0,0.0
SE,315,"[10.5, 11.0)",0,0.0
SW,315,"[10.5, 11.0)",0,0.0
W,315,"[10.5, 11.0)",0,0.0
E,315,"[11.0, 11.5)",0,0.0
N,315,"[11.0, 11.5)",0,0.0
NE,315,"[11.0, 11.5)",0,0.0
NW,315,"[11.0, 11.5)",11,0.019437376307605315
S,315,"[11.0, 11.5)",0,0.0
SE,315,"[11.0, 11.5)",0,0.0
SW,315,"[11.0, 11.5)",0,0.0
W,315,"[11.0, 11.5)",0,0.0
E,315,"[11.5, 12.0)",0,0.0
N,315,"[11.5, 12.0)",0,0.0
NE,315,"[11.5, 12.0)",0,0.0
NW,315,"[11.5, 12.0)",10,0.017670342097823016
S,315,"[11.5, 12.0)",0,0.0
SE,315,"[11.5, 12.0)",0,0.0
SW,315,"[11.5, 12.0)",0,0.0
W,315,"[11.5, 12.0)",0,0.0
E,315,"[12.0, 12.5)",0,0.0
N,315,"[12.0, 12.5)",0,0.0
NE,315,"[12.0, 12.5)",0,0.0
NW,315,"[12.0, 12.5)",1,0.0017670342097823013
S,315,"[12.0, 12.5)",0,0.0
SE,315,"[12.0, 12.5)",0,0.0
SW,315,"[12.0, 12.5)",0,0.0
W,315,"[12.0, 12.5)",0,0.0
E,315,"[12.5, 13.0)",0,0.0
N,315,"[12.5, 13.0)",0,0.0
NE,315,"[12.5, 13.0)",0,0.0
NW,315,"[12.5, 13.0)",0,0.0
S,315,"[12.5, 13.0)",0,0.0
SE,315,"[12.5, 13.0)",0,0.0
SW,315,"[12.5, 13.0)",0,0.0
W,315,"[12.5, 13.0)",0,0.0
E,315,"[13.0, 13.5)",0,0.0
N,315,"[13.0, 13.5)",0,0.0
NE,315,"[13.0, 13.5)",0,0.0
NW,315,"[13.0, 13.5)",0,0.0
S,315,"[13.0, 13.5)",0,0.0
SE,315,"[13.0, 13.5)",0,0.0
SW,315,"[13.0, 13.5)",0,0.0
W,315,"[13.0, 13.5)",0,0.0
E,315,"[13.5, 14.0)",0,0.0
N,315,"[13.5, 14.0)",0,0.0
NE,315,"[13.5, 14.0)",0,0.0
NW,315,"[13.5, 14.0)",0,0.0
S,315,"[13.5, 14.0)",0,0.0
SE,315,"[13.5, 14.0)",0,0.0
SW,315,"[13.5, 14.0)",0,0.0
W,315,"[13.5, 14.0)",0,0.0
E,315,"[14.0, 14.5)",0,0.0
N,315,"[14.0, 14.5)",0,0.0
NE,315,"[14.0, 14.5)",0,0.0
NW,315,"[14.0, 14.5)",0,0.0
S,315,"[14.0, 14.5)",0,0.0
SE,315,"[14.0, 14.5)",0,0.0
SW,315,"[14.0, 14.5)",0,0.0
W,315,"[14.0, 14.5)",0,0.0
E,315,"[14.5, 15.0)",0,0.0
N,315,"[14.5, 15.0)",0,0.0
NE,315,"[14.5, 15.0)",0,0.0
NW,315,"[14.5, 15.0)",0,0.0
S,315,"[14.5, 15.0)",0,0.0
SE,315,"[14.5, 15.0)",0,0.0
SW,315,"[14.5, 15.0)",0,0.0
W,315,"[14.5, 15.0)",0,0.0
E,315,"[15.0, 15.5)",0,0.0
N,315,"[15.0, 15.5)",0,0.0
NE,315,"[15.0, 15.5)",0,0.0
NW,315,"[15.0, 15.5)",0,0.0
S,315,"[15.0, 15.5)",0,0.0
SE,315,"[15.0, 15.5)",0,0.0
SW,315,"[15.0, 15.5)",0,0.0
W,315,"[15.0, 15.5)",0,0.0
E,315,"[15.5, 16.0)",0,0.0
N,315,"[15.5, 16.0)",0,0.0
NE,315,"[15.5, 16.0)",0,0.0
NW,315,"[15.5, 16.0)",0,0.0
S,315,"[15.5, 16.0)",0,0.0
SE,315,"[15.5, 16.0)",0,0.0
SW,315,"[15.5, 16.0)",0,0.0
W,315,"[15.5, 16.0)",0,0.0
E,315,"[16.0, 16.5)",0,0.0
N,315,"[16.0, 16.5)",0,0.0
NE,315,"[16.0, 16.5)",0,0.0
NW,315,"[16.0, 16.5)",0,0.0
S,315,"[16.0, 16.5)",0,0.0
SE,315,"[16.0, 16.5)",0,0.0
SW,315,"[16.0, 16.5)",0,0.0
W,315,"[16.0, 16.5)",0,0.0
E,315,"[16.5, 17.0)",0,0.0
N,315,"[16.5, 17.0)",0,0.0
NE,315,"[16.5, 17.0)",0,0.0
NW,315,"[16.5, 17.0)",0,0.0
S,315,"[16.5, 17.0)",0,0.0
SE,315,"[16.5, 17.0)",0,0.0
SW,315,"[16.5, 17.0)",0,0.0
W,315,"[16.5, 17.0)",0,0.0
